event_id,station_network,local_claims_filed
us7000t1ii,SCEDC-01,12
us7000t1y6,CEA-12,14
us7000t0uq,PNSN-07,12
us7000t31x,USGS-WEST,3
us6000tgjb, PNSN-07	,13
us6000taab, PNSN-07	, 2 
us7000t27j,PNSN-07,0
aka2026nglovt,USGS-WEST,
us7000sze1,SCEDC-01,9
us6000taz1,PNSN-07,12
us7000t35y,CEA-12,11
us7000t2qn,USGS-WEST,7
us7000t1ac,USGS-WEST,8
us7000t35j,PNSN-07,2
us7000t1bu,CEA-12,11
us7000szaw,SCEDC-01,9
usawts7jskwr,CEA-12,14
us7000t2hm, PNSN-07	,0
us7000t0e0,USGS-WEST,4
us6000tauc,SCEDC-01,3
us7000t01q, PNSN-07	,14
us6000tghv,SCEDC-01,8
ci41285127,CEA-12,8
us6000tged,CEA-12,10
pr71524948,SCEDC-01,1
us7000sz57, PNSN-07	,N/A
pr71524788, PNSN-07	,4
uwh6xz5n6d, PNSN-07	,5
nc75394216,SCEDC-01,15
aka2026oytalq,CEA-12,1
us7000t0vz,SCEDC-01,6
us6000th36,CEA-12,4
aka2026payuvl,PNSN-07,4
us6000ti55,PNSN-07,14
us7000szjd,SCEDC-01,4
aka2026ncabar,USGS-WEST,10
pr71524338,SCEDC-01,3
aka2026ompmvz, PNSN-07	,0
us7000t1dh,CEA-12,4
us7000t284,SCEDC-01,0
akkzrb8hc7h,USGS-WEST,2
us7000t1ee,PNSN-07,15
us7000t3hl,USGS-WEST,10
tx2026ojysxv,SCEDC-01,14
us7000t0z8, PNSN-07	,15
ako4ay8q5t,PNSN-07,5
us7000t0v0,PNSN-07,3
cif2282u708n, PNSN-07	,15
us7000t2ra,USGS-WEST,12
uw4oebdoqbkb,SCEDC-01, 15 
us7000t0ra,SCEDC-01,4
us6000tasa,PNSN-07,13
ncpipxqch34t,CEA-12,11
pr2026209002,PNSN-07,10
us7000t085,CEA-12,11
us6000ti2n,USGS-WEST,7
aka2026occhwe,CEA-12,13
uu80145411, PNSN-07	,7
ci40664370, PNSN-07	,3
us6000taxz,USGS-WEST,3
us7000t0dr,USGS-WEST,0
us6000th6a,CEA-12,8
hv75000146,SCEDC-01,8
us7000szd7,USGS-WEST,7
us6000taht,CEA-12,14
nc75408517,CEA-12,9
us7000t2fy,CEA-12,3
us7000t2pz,USGS-WEST,8
us6000tgbx,USGS-WEST,9
us7000t28y, PNSN-07	,11
ak2d2wb5l7,USGS-WEST,9
us7000t3di,CEA-12,13
us7000t2kz,USGS-WEST,N/A
us7000t276,CEA-12,6
uw714067081,PNSN-07,8
us7000szl8,PNSN-07,11
us7000t32l,SCEDC-01,
aka2026nuvbxp,CEA-12,11
aka2026nmlaee,SCEDC-01,13
aka2026odfiyc,USGS-WEST,8
us7000t17x,SCEDC-01,3
us7000t2z4, PNSN-07	,7
nnuw6pisarz, PNSN-07	,3
aka2026mzpvcm,PNSN-07,2
us7000t121,PNSN-07,null
hv75009477,PNSN-07,6
aka2026oejjya,CEA-12,null
pr71522468, PNSN-07	,null
aka2026ordzel,USGS-WEST,6
us2dlopdck,CEA-12,2
us6000tal3,PNSN-07,
us6000ta31,PNSN-07,1
us7000t15i,USGS-WEST,3
us7000sz8f, PNSN-07	,4
pr71522168,PNSN-07,11
us7000t2hn,USGS-WEST,14
us7000t152,PNSN-07,4
us6000tax1, PNSN-07	,3
aka2026nqyfta,SCEDC-01,5
us7000t10e,CEA-12,12
us6000tax4,USGS-WEST,3
aka2026paruhb, PNSN-07	,9
us7000szz4, PNSN-07	,2
akz6h34wvn,CEA-12,8
us7000t0wb, PNSN-07	,2
us7000t2pg,SCEDC-01,7
aka2026oycnjv,SCEDC-01,11
us6000thuj, PNSN-07	,6
us6000t9kl,SCEDC-01,11
us7000t2wu,PNSN-07,0
ci0q5tpvdcn,USGS-WEST,4
us6000ti6j,PNSN-07,6
us7000t025,CEA-12,2
us7000t27p, PNSN-07	,4
us6000th6r,SCEDC-01,8
us6000t9t9, PNSN-07	,3
usd9ig85q9, PNSN-07	,2
usijssl0dv, PNSN-07	,14
us6000tgk9,SCEDC-01,14
us6000tai6,SCEDC-01,8
us7000t34v,SCEDC-01,5
us6000tavr,USGS-WEST,1
us7000t1y3,USGS-WEST,12
us7000t1f0,SCEDC-01,6
us7000t09z, PNSN-07	,9
ci41292199,PNSN-07,8
nnz2zve1on,SCEDC-01,7
us7000t1nt,PNSN-07,13
aka2026nefxaw,CEA-12,7
us7000t15n,CEA-12,4
us6000tg8c,PNSN-07,10
aka2026pbmqmw,SCEDC-01,12
us7000t1xi,PNSN-07,14
us6000tiu1, PNSN-07	,0
us7000t19a,CEA-12,4
us7000szez, PNSN-07	,9
ncrfzo59xh,USGS-WEST,9
us7000t1yg, PNSN-07	,12
us7000szmb,SCEDC-01,null
us7000t196,SCEDC-01,13
us6000th0f, PNSN-07	,15
us3rhq58b1o,PNSN-07,11
us7000t2iq,USGS-WEST,4
aka2026nurbgt,CEA-12,5
us6000th5m,PNSN-07,3
us7000t0il,CEA-12,3
aka2026nyfzvy,CEA-12,10
us7000t1gz,PNSN-07,6
us6000tgwy,CEA-12,8
us7000t383, PNSN-07	,14
aka2026orcvvv,CEA-12,1
hv75005557,USGS-WEST,6
us7000t0x0,CEA-12,5
us7000t3gr, PNSN-07	,0
aka2026ovufno,PNSN-07,N/A
us6000thtl,USGS-WEST,null
nc0bz80oyje1,PNSN-07,13
us6000tgp7,SCEDC-01,11
aka2026nugnky,SCEDC-01,7
nczafz5rhs,SCEDC-01,0
us6000tgz1,USGS-WEST,11
us7000szf3,CEA-12,13
aka2026njosad, PNSN-07	, 10 
us7000szba,PNSN-07,0
aka2026nlcqsd,CEA-12,8
aka2026nlgpzl, PNSN-07	,7
us7000sz71,USGS-WEST,0
aka2026nzluwx, PNSN-07	,7
us7000t1xp,SCEDC-01,4
uw1zp8nno4fk,CEA-12,0
us7000sz1j,CEA-12,8
us7000t10r,SCEDC-01,10
us7000sz81, PNSN-07	,0
aka2026nidxtk,USGS-WEST,15
us6000tgsf, PNSN-07	,5
us7000t33w,PNSN-07,9
nc75395576,USGS-WEST,0
us7000t36c, PNSN-07	,15
us7000t3l4,USGS-WEST,4
aka2026ovrxzu,USGS-WEST,8
uw5fuaqj3g,SCEDC-01,
us7000t1cm,CEA-12,9
pr71525063,CEA-12,0
us7000t07r,SCEDC-01,12
us7000t2va,SCEDC-01,2
us7000t14f, PNSN-07	,1
us6000tgzq,USGS-WEST,11
us7000t21n,USGS-WEST,1
us7000t0da,USGS-WEST,13
us6000tge6,CEA-12,3
us7000t2yw, PNSN-07	, 0 
aka2026noqalv,CEA-12,7
us6000th4p,USGS-WEST,null
us7000t1jb,PNSN-07,2
us7000t15s,USGS-WEST,14
us7000szb4,USGS-WEST,6
us6000tgw1,PNSN-07,12
us6000tha8,SCEDC-01,14
us6000tau8,CEA-12,0
us7000t04m,PNSN-07,7
us7000t2lg,PNSN-07,11
us7000szz0,USGS-WEST,11
us6000thad, PNSN-07	,2
us7000t2qx, PNSN-07	,9
us7000t1ak,SCEDC-01,10
nn3903eajvsw,USGS-WEST,6
us6000t9sk,SCEDC-01,7
aka2026nxmwde,CEA-12,13
us7000sz6d, PNSN-07	,N/A
aka2026nzntdt, PNSN-07	,15
aka2026okblgo,SCEDC-01,13
us7000t1ke,SCEDC-01,15
us6000tha7,PNSN-07,3
us7000t3lr,CEA-12,2
nc75408617,PNSN-07,4
us6000ti6m,SCEDC-01,
tx2026nusird,CEA-12,3
us7000t22v,SCEDC-01,6
us7000t36n,CEA-12,6
us7000t1jq,USGS-WEST,3
us7000t30r, PNSN-07	,7
us7000t3dn, PNSN-07	,5
aka2026okoeco, PNSN-07	,1
uwckagxka3,PNSN-07,10
nnjy9nx7cctm, PNSN-07	,4
us7000t26k,CEA-12,3
us7000t2j9,CEA-12,
us7000t1kx, PNSN-07	,8
ciitniwoch,CEA-12,10
us7000t28v,SCEDC-01,12
us7000szkj,CEA-12,14
us7000t042,SCEDC-01,0
us7000t0q0,USGS-WEST,1
cie8jsl60njf, PNSN-07	,2
us7000t256,USGS-WEST, 5 
us7000t09u,SCEDC-01,7
us7000t3kd,CEA-12,
us6000taxq, PNSN-07	,10
uu80145176,SCEDC-01,11
us6000t9m5, PNSN-07	,
us7000t10a,PNSN-07,3
us6000thuk,USGS-WEST,3
us7000t1fd,PNSN-07,4
us6000tgav,PNSN-07,0
us6000tgx1,PNSN-07,14
us6000tajd,CEA-12,13
us7000t1ta,SCEDC-01,8
uwxu47q8dk,SCEDC-01, 2 
us7000t09m, PNSN-07	,null
uwuo1b79gc8,CEA-12,8
nc75396126,PNSN-07,0
us7000t38a, PNSN-07	,2
us7000t014,SCEDC-01,0
us7000t3hd, PNSN-07	,15
tx2026nrbozw,USGS-WEST,9
us7000t1r9,CEA-12,12
us7000t2rl, PNSN-07	,5
us6000t9tv, PNSN-07	,4
us6000thug, PNSN-07	,14
pr71522458,SCEDC-01,0
us530kzyti,SCEDC-01,3
us7000t1av,CEA-12,3
us7000t2qi,USGS-WEST,6
us7000t03b,CEA-12,2
us7000t36m,SCEDC-01,4
us7000szim,PNSN-07,0
us7000sz6t,CEA-12,15
ci41287111,PNSN-07,5
us7000t1b6,CEA-12, 2 
us7000t03r,PNSN-07,
us7000sz55,CEA-12,
us6000tghe, PNSN-07	,2
us7000t3mw,CEA-12,13
us7000t13i,PNSN-07,15
aka2026nbaict,SCEDC-01,7
us7000t2pw,CEA-12,3
hv74996856, PNSN-07	,9
aka2026ompdjf, PNSN-07	,13
us7000t2xe,CEA-12, 8 
us7000sz6r,PNSN-07,13
us7000t2h9,CEA-12,7
us7000t10y, PNSN-07	,3
us6000taxx,USGS-WEST,8
us7000t0l4, PNSN-07	,7
us6000tici,PNSN-07,15
us7000t1g8,SCEDC-01,4
us7000t2yp, PNSN-07	,8
us6000th8h, PNSN-07	,12
aka2026omjywj,SCEDC-01,12
nc75395151,CEA-12,5
us6000tgqp,PNSN-07,14
usns7sn0119, PNSN-07	,null
us6000taj0,PNSN-07,14
us6000ti6s,SCEDC-01,0
ncxs5dw2px3p,SCEDC-01,15
us7000szaz,CEA-12,8
cizr5nb328,CEA-12,14
us6000thu0,PNSN-07,9
us6000tgb9,USGS-WEST,5
us7000t25n,CEA-12,3
us6000ta6j,PNSN-07,1
usenishhhl, PNSN-07	,10
nnusff2fyvs,USGS-WEST,11
us7000t0lb,CEA-12,0
us7000t18v,USGS-WEST,0
us7000szgp, PNSN-07	,3
us7000szdn,PNSN-07,13
us6000tgml,SCEDC-01,13
us7000t3eb,USGS-WEST,12
us7000t0b5, PNSN-07	,15
aka2026oxjcya,SCEDC-01,null
ci41291863,CEA-12,12
us6000tg8s,PNSN-07,15
us7000t0lk, PNSN-07	,10
us6000tgf6,PNSN-07,N/A
us7000t1d6,CEA-12,6
us6000tgzc,PNSN-07,1
us7000t106,PNSN-07,1
us7000t06f,CEA-12,9
us7000t0w0,CEA-12,10
us7000t19n,CEA-12,5
pr71526143, PNSN-07	,8
uu80146416, PNSN-07	,11
aka2026oydbze, PNSN-07	,10
us7000t24u,CEA-12,4
civkbuj8ew2i,CEA-12,12
nc3di2cszpss,PNSN-07,1
us6000ta14,SCEDC-01,4
aka2026nsoukt,SCEDC-01,
us6000t9sq, PNSN-07	,8
us7000t1i4, PNSN-07	,2
us6000tafp,CEA-12,7
us6000tgk8,CEA-12,2
us7000t1qr, PNSN-07	,0
us6000tg8z,USGS-WEST,13
uwnud7e6m4,CEA-12,15
aka2026mzlxec,CEA-12,2
us7000szt5,PNSN-07,12
us7000t0z5,PNSN-07,12
pr71524088,CEA-12,
us7000szzy,USGS-WEST,2
us7000szit,USGS-WEST,3
pr71526028,CEA-12,13
us6000ti20,SCEDC-01,14
us7000szdf, PNSN-07	,12
us7000t0aw,USGS-WEST,7
us7000t0np,USGS-WEST,6
aka2026oinsma,PNSN-07,3
aka2026ojoxkq,PNSN-07,9
us7000t2pv,CEA-12,12
us7000t1iu,SCEDC-01,1
uwqlb499jj26, PNSN-07	,15
nci5wjk09s, PNSN-07	,N/A
pr71525658,USGS-WEST,1
nng6ak2cg0xd,SCEDC-01,N/A
aka2026okxiia,USGS-WEST,6
us7000t1d1,PNSN-07,N/A
us6000tgdy,SCEDC-01,12
us7000t3dt,USGS-WEST,4
us6000ta37,PNSN-07,8
us7000t2se,USGS-WEST,1
us7000t2et,PNSN-07,7
us6000th1p, PNSN-07	,null
us7000t3lm,SCEDC-01,7
us6000takx,SCEDC-01,3
us7000t1lq,CEA-12,6
pr71523658,PNSN-07,11
us6000ta53, PNSN-07	,8
us6000tgn0,USGS-WEST,10
aka2026odwoan,SCEDC-01,14
us7000t0z4,USGS-WEST,0
us7000t21j,SCEDC-01,0
pr71525208,PNSN-07,2
uwa05iwh2xt, PNSN-07	,N/A
ak43ue9ommz,USGS-WEST,3
us6000taxk,CEA-12,12
aka2026paofid,PNSN-07,12
us6000thu5, PNSN-07	,15
us6000th1u, PNSN-07	,N/A
us7000szuk,PNSN-07,9
cib54umofk, PNSN-07	,7
us7000szqj,PNSN-07,11
aka2026pawdol,CEA-12,8
us6000tgeb,PNSN-07,9
us7000sz6n,SCEDC-01,0
us7000t37m,CEA-12,8
us7000t1if,SCEDC-01,12
us6000t9tf,SCEDC-01,
us7000t2qh,PNSN-07,15
us7000t2qe,PNSN-07,null
pr71524913,SCEDC-01,8
us6000tavt,SCEDC-01,6
uw8lvbyos37q,CEA-12,3
us7000t2j3,SCEDC-01,4
aka2026osvzkj,CEA-12,10
nc75393526,CEA-12,3
usyrd1xsbhdn, PNSN-07	,1
pr71523498,PNSN-07,3
us7000t28z,PNSN-07,10
ncfg0lvnly,USGS-WEST,3
nc75396331,PNSN-07,13
us7000t1qt,USGS-WEST,0
usjb6bas6lq,CEA-12,0
us7000szf6,SCEDC-01,11
us7000t0lg,SCEDC-01,2
us7000t14r,SCEDC-01,15
us6000tgff,PNSN-07,13
nctxanju1hb,CEA-12,3
uw02nm06hu,PNSN-07,7
us6000tgp1,CEA-12,10
uwfyqx2rdc,SCEDC-01,6
nnrjk6kjj69, PNSN-07	,2
uwblku9m7o,SCEDC-01,15
us6000ta3t,SCEDC-01,6
us7000szvv,SCEDC-01,15
pr71524178,SCEDC-01,8
us7000t1i9,CEA-12,2
us5ux6ka14u,PNSN-07,12
hv74000219, PNSN-07	,5
us7000t2qd,SCEDC-01,1
us7000t1im, PNSN-07	,12
us7000t2p3,PNSN-07,15
hv75003082,CEA-12,2
us7000t3in,USGS-WEST,9
nncny7l2qzc,CEA-12,7
us6000th0s,SCEDC-01,0
us7000t0d0,PNSN-07,1
us7000t1uq,PNSN-07,12
us7000szqf,SCEDC-01,1
us6000th4i,PNSN-07,4
us6000ti35,CEA-12,13
us7000szri,USGS-WEST,5
us7000t11v,USGS-WEST,7
us7000sz1i,PNSN-07,5
us7000sz6z,CEA-12,8
us7000t2ms,PNSN-07,9
us6000thlu,USGS-WEST,4
us6000thae,CEA-12,12
us7000szdd,SCEDC-01,9
us7000t1cw,SCEDC-01,9
us7000t2pt,USGS-WEST,N/A
ci40663002, PNSN-07	,14
us6000tgq0,USGS-WEST,8
us7000t16r,CEA-12,null
us7000sz8z, PNSN-07	,null
us7000t0i4,CEA-12,12
pr71522573,CEA-12,13
us7000t0mp,SCEDC-01,15
us6000tibj,SCEDC-01,9
us7000t0dh,USGS-WEST,9
us7000t2zy,SCEDC-01,9
uwx4t560z3z,USGS-WEST,0
us6000t9je,CEA-12,0
uswx6hg4r62,SCEDC-01,1
ci0htjw9xr,PNSN-07,12
aka2026nxzden, PNSN-07	,N/A
us7000t1al,USGS-WEST,1
us6000tgwt,USGS-WEST,14
us7000t01l,PNSN-07,0
us6000tauv,PNSN-07,11
pr71522773,SCEDC-01,N/A
us6000t9kr,CEA-12,0
ncz7e1ti4pnp,CEA-12,15
pr71526613,CEA-12,13
us7000t1fw, PNSN-07	,N/A
us6000tgie,CEA-12,12
us7000t28x,CEA-12,0
us7000t0a3,CEA-12,0
us6000t9dl,CEA-12,1
us7000t1cn,PNSN-07,12
us7000t12x,PNSN-07,5
uwqph8qmcje, PNSN-07	,12
ci2i1taqv9,SCEDC-01,3
us7000t0r0,PNSN-07,9
us6000tgpe,PNSN-07,2
us7000t3mh,PNSN-07,6
us6000ta1y, PNSN-07	,12
us6000tg4g,PNSN-07,4
us6000tavd,PNSN-07,4
us7000szuc,USGS-WEST,8
us6000t9ej,SCEDC-01,12
us6000ta3r,PNSN-07,4
uwmz216mvsr0,USGS-WEST,12
us6000ta8s,PNSN-07,11
ci485fb1v5,USGS-WEST,2
us7000t330,CEA-12,9
us6000tgzz,CEA-12,4
aka2026ofyant,CEA-12,11
us7000t2pj, PNSN-07	,6
us7000t1ny,CEA-12,0
us6000tgj2, PNSN-07	,6
us7000t1d8,PNSN-07,3
us7000t29r,CEA-12,5
us7000t2ax, PNSN-07	,7
ciyiti31su7s,USGS-WEST,6
aka2026osutsm, PNSN-07	,4
us6000tgc8, PNSN-07	,6
us7000t1a2,SCEDC-01,13
us6000tgz7,SCEDC-01,15
pr71524833,USGS-WEST,14
aka2026mymadk,PNSN-07,5
us7000t1g1,SCEDC-01,13
us6000tg8n, PNSN-07	,12
aka2026odglfm,CEA-12,2
nc36d5rnk6,USGS-WEST,7
citnkvqcw67a,USGS-WEST,null
us7000t01y,SCEDC-01,2
aka2026ovrjtl,CEA-12,0
us6000t9kj,SCEDC-01,8
aka2026ocwthd,CEA-12,7
pr2026207000,USGS-WEST,3
us6000th8n,PNSN-07,null
ci40655194,PNSN-07,10
us7000t0pk,PNSN-07,13
us6000ti4y,CEA-12,0
us6000tavx,SCEDC-01,14
us7000t3pe,CEA-12, 15 
us7000t1le,PNSN-07,2
us7000t2n5, PNSN-07	,5
uw49nq5ieqc,PNSN-07,14
us7000t01w,CEA-12,6
pr2026204000,SCEDC-01,4
us7000sznp, PNSN-07	,13
us6000ta9m,CEA-12,1
pr71524928,CEA-12,null
us7000t1cc, PNSN-07	,8
us7000t2zl,SCEDC-01,12
aka2026otinoa, PNSN-07	,1
us7000t1re,CEA-12, 10 
us6000tgq7,SCEDC-01,11
nnkr9gg77r,PNSN-07,6
us6000tarc,SCEDC-01,2
us7000sz7i,USGS-WEST,1
us6000tg6v,USGS-WEST, 2 
us6000th9v,PNSN-07,3
us7000t1tz,SCEDC-01, 3 
us7000t01z,CEA-12,12
us7000t3i6,USGS-WEST,11
us6000t9d9, PNSN-07	,1
us7000t1fh,USGS-WEST,3
us7000t03c,PNSN-07,5
us7000t1fl,CEA-12,7
us7000szu6,SCEDC-01,
ci41292687, PNSN-07	,1
aksjxfmpr6,USGS-WEST,0
us6000tg8q,PNSN-07,8
us6000tgrk,SCEDC-01,6
aka2026ovejth,USGS-WEST,10
uwv0tzzcwk, PNSN-07	,8
us6000t9ji,SCEDC-01,0
us7000t02x,SCEDC-01,10
us6000thu4,CEA-12,15
us7000t2lq, PNSN-07	,3
us7000t3lb,PNSN-07, 6 
us6000thca,CEA-12,null
us7000sz7d,SCEDC-01,11
us6000tghm, PNSN-07	, 15 
pr71522713, PNSN-07	,13
aka2026osoxdn,SCEDC-01,
us6000tayz, PNSN-07	,5
usi7fqn3stl2,PNSN-07,0
us7000t176,PNSN-07,1
uwfbmdhn9e9r, PNSN-07	,8
ci5sun2l5q,SCEDC-01,9
nc75407567,SCEDC-01,8
us6000tggf,USGS-WEST,null
us6000tg3k, PNSN-07	,11
pr71523953, PNSN-07	,14
pr71525343, PNSN-07	,15
uw714040221,SCEDC-01,9
us7000t0wh, PNSN-07	,15
us7000t1qk,USGS-WEST,12
aka2026ozzuos, PNSN-07	,6
us7000t22d, PNSN-07	,
aka2026npdspa,SCEDC-01,13
pr71525533,USGS-WEST,4
us7000t118,SCEDC-01,4
us7000t1nv,USGS-WEST,0
ncb68jk17y,CEA-12,9
us6000tg8x,CEA-12,7
us7000t21r,USGS-WEST,null
nnagnbhi95nm,SCEDC-01,4
aka2026nmtoia, PNSN-07	,3
us7000t3a3,CEA-12,15
us7000t0yi,CEA-12,15
us6000ti58,USGS-WEST,7
us7000szf8,USGS-WEST,1
pr71523543,CEA-12,0
ci41284551,USGS-WEST,N/A
us7000t3n8,USGS-WEST,14
nn00921381,USGS-WEST,4
us7000szbp,PNSN-07,3
us7000t37e,USGS-WEST,5
us7000t2w1,PNSN-07,4
aka2026myuebc,SCEDC-01,4
us7000t37i,SCEDC-01,12
aka2026objdob,SCEDC-01,8
us6000tgsw,PNSN-07,13
pr71525698,PNSN-07,3
us6000thtj,USGS-WEST,0
us6000tgz3,PNSN-07,6
us6000ta3g,SCEDC-01,11
us6000tgqt,USGS-WEST,5
us7000sz39,PNSN-07,2
us7000t11t, PNSN-07	,0
us6000tar3,CEA-12,12
us7000t1ay, PNSN-07	,8
us7000t2jr,SCEDC-01,12
us7000t28f,SCEDC-01,13
cib8uh94z4r,SCEDC-01,8
us7000szuj,SCEDC-01,N/A
us7000t1fk, PNSN-07	,N/A
us7000t26t,SCEDC-01,10
us6000tg4a, PNSN-07	,6
aka2026nppeeg, PNSN-07	,12
us7000t2xr,USGS-WEST,N/A
nn00922278,USGS-WEST,4
us7000t06y,PNSN-07,4
us7000t226, PNSN-07	,1
aka2026myakbr,SCEDC-01,9
us6000tgkg,CEA-12,1
us6000tgw3, PNSN-07	,8
aka2026nxlqqz,USGS-WEST,10
us6000tgpx, PNSN-07	,N/A
us7000szq0,USGS-WEST,0
akgynwg0rs,USGS-WEST,6
us7000t0zc,PNSN-07,13
us7000szyr,SCEDC-01,12
nny0rqnsfkg,CEA-12, 9 
us6000th6y,PNSN-07,0
aka2026omyhen, PNSN-07	,4
ciz4f6vwom,PNSN-07,12
uwy5bpy8sa,USGS-WEST,5
us6000th3m,SCEDC-01,0
us7000szsv, PNSN-07	,7
us7000t0dp, PNSN-07	,0
ncshrmech0,PNSN-07,7
us7000t1qq,CEA-12,15
us6000tadd,CEA-12,1
aka2026ouowvq,SCEDC-01,5
us7000szzg,SCEDC-01,5
us7000t0kl,PNSN-07,1
us6000tggm,CEA-12,11
us7000t35b,USGS-WEST,7
us6000ta86,CEA-12,6
us6000thue,PNSN-07,5
us7000t1w2,CEA-12,N/A
us6000t9gi,SCEDC-01,13
us7000t0iv,PNSN-07,14
us7000t2pd,CEA-12,5
us7000t2fq,USGS-WEST,0
us7000t18c,SCEDC-01,4
us6000th2x,USGS-WEST,12
us7000t1yq,CEA-12,12
us7000t1sp,PNSN-07,12
us7000t1cp,PNSN-07,7
us7000t1ie, PNSN-07	,14
us6000taz8,PNSN-07,8
us7000t0la,USGS-WEST,10
us7000t0vh, PNSN-07	,2
us6000tgyr,USGS-WEST,2
us6000ti2w, PNSN-07	,13
us7000t0q6,CEA-12,11
us7000sz7j,SCEDC-01,6
pr71522238, PNSN-07	,
us6000thuh,SCEDC-01,3
us7000t23v,USGS-WEST,8
us7000t10x,PNSN-07,8
us7000t1q3,PNSN-07,14
us7000t1cy,SCEDC-01,5
us7000t1dc,USGS-WEST,15
us7000t3pg,PNSN-07,14
tx2026ngluyk,USGS-WEST,7
us6000tghk,SCEDC-01,9
us6000tgpw, PNSN-07	,6
nc75397611,SCEDC-01,13
us7000t120, PNSN-07	,10
us7000t1f6,SCEDC-01,12
uwi64dwwkfc,PNSN-07,4
us6000thab,CEA-12,12
pr71524443,SCEDC-01,4
us7000t27a,SCEDC-01,
us6000tauz, PNSN-07	,10
uwhtazz4y8j2,PNSN-07,5
us6000thcu, PNSN-07	,11
us7000t1n9,CEA-12,12
us6000ti1z,SCEDC-01,15
us6000tgae,PNSN-07,9
aka2026oahoel, PNSN-07	,6
us6000tghp, PNSN-07	,12
us6000ta3d, PNSN-07	,10
akqq764u55gb,SCEDC-01,14
us6000t9qp, PNSN-07	,10
us6000tg45, PNSN-07	,12
tx2026ookght, PNSN-07	,15
us6000tht3,PNSN-07,5
us7000t2nz, PNSN-07	,4
us7000t35d,PNSN-07, 5 
us7000t0dw,SCEDC-01,6
us6000th44,SCEDC-01,12
us7000t1tp, PNSN-07	,
ci41289895,USGS-WEST,6
aka2026nzghnm,SCEDC-01,2
us7000t27u,PNSN-07,8
us7000t18i,SCEDC-01,1
us7000t2ip,SCEDC-01,6
us7000t3dw,USGS-WEST,3
aka2026ngcljf,USGS-WEST, 7 
us6000th9e,PNSN-07, 0 
us6000thci,SCEDC-01,6
ncd783he2n41,PNSN-07,
ci41285223,USGS-WEST,14
us6000tatk, PNSN-07	,10
aka2026nfuwil,PNSN-07,12
us6000tg94,USGS-WEST,9
us6000th72,USGS-WEST,5
pr71525928,PNSN-07,1
us6000ti39,CEA-12,2
us7000t06l,PNSN-07,2
us7000szan,PNSN-07, 4 
pr71525223,SCEDC-01,2
us7000t1jr,PNSN-07,3
us7000t1jp, PNSN-07	,12
us7000t1cs,PNSN-07,6
us6000ta7l, PNSN-07	,10
nc75390436,USGS-WEST,5
us7000t02s,CEA-12,2
us7000t125,CEA-12,10
ncelhh79j11,PNSN-07,2
us7000t1vd,PNSN-07,12
us6000tg46,CEA-12,10
us7000sz2h, PNSN-07	,14
us7000szn6,CEA-12,2
us6000tarw,SCEDC-01,0
us7000t2uz,SCEDC-01,0
us7000t0sj,CEA-12,0
us7000t111,USGS-WEST,2
us7000szcl,USGS-WEST,7
akcklw8ln8y,CEA-12,null
us7000t213, PNSN-07	,9
pr2026192000,CEA-12,2
aka2026nfprzg, PNSN-07	,6
us7000t08m,SCEDC-01,5
us6000tha9,USGS-WEST,
aka2026mzjshm,SCEDC-01,5
us7000t380,USGS-WEST,11
us6000tara, PNSN-07	,8
us6000th1k, PNSN-07	,12
us6000t9ra,PNSN-07,9
us7000t31p, PNSN-07	,1
pr71523938,PNSN-07,1
us6000tg6u,SCEDC-01,1
us7000t1wz, PNSN-07	,15
us6000tabx,CEA-12,13
us7000t2jl,SCEDC-01,null
uwxl45nqwu8,USGS-WEST,4
us6000tg5m, PNSN-07	,3
us6000thcs,USGS-WEST,7
pr71522693,SCEDC-01,1
us7000t2hx,CEA-12,11
aka2026oreijq,USGS-WEST,2
aka2026nvomdp,USGS-WEST,7
us7000t0l2,CEA-12,8
us7000t3bv,PNSN-07,
ak8q8he7d9x3,CEA-12,8
us7000t1dy,CEA-12,2
us7000t1uj, PNSN-07	,11
pr71525603, PNSN-07	,3
us6000tazm,PNSN-07,7
uu80146096,CEA-12,N/A
nn00922056,USGS-WEST,8
nc75394756, PNSN-07	,0
us6000th1s,CEA-12,6
us7000t10q,CEA-12,3
us6000t9ln,SCEDC-01,3
pr2026208000,USGS-WEST,0
us7000t1l0, PNSN-07	,6
nc75392631,SCEDC-01,
us7000t24e,PNSN-07,2
us7000t289,CEA-12,15
us7000t25g,CEA-12,0
us6000tgyg,USGS-WEST,14
pr71522298,CEA-12,15
us7000t1rs, PNSN-07	,
hv75005267,CEA-12,10
us7000t3j7,CEA-12,15
us6000ta9n,CEA-12,5
us7000t3bu, PNSN-07	,10
us7000t1d3,PNSN-07,N/A
us7000t2p7,SCEDC-01,10
us6000tgdu, PNSN-07	,14
us7000t21f,CEA-12,13
nc75394371,SCEDC-01,14
us7000t1sz,USGS-WEST,15
us7000t26b,CEA-12,13
us7000t2vv,SCEDC-01,0
us6000tge9,SCEDC-01,2
us7000t21h,CEA-12,14
us7000t2re,SCEDC-01,11
uwu9fxf9pk,SCEDC-01,1
us7000t06z,USGS-WEST,15
us6000ti28, PNSN-07	,3
us6000tid4, PNSN-07	,8
ak82jr7vzik,SCEDC-01,15
us6000tgn5, PNSN-07	,N/A
us7000t2r3,PNSN-07,2
aka2026njbryd,SCEDC-01,3
us6000tg2t,CEA-12,2
pr2026182001,SCEDC-01,10
cir8325fr9,PNSN-07, 13 
us7000t19q,PNSN-07,0
aka2026osjmuh,CEA-12,7
nc75390006,PNSN-07,15
us7000t0vt, PNSN-07	,12
usvn5bk2zqb,CEA-12,10
us7000szeu,CEA-12,5
ci40658258,PNSN-07,null
us6000thal,PNSN-07,0
us7000t235,SCEDC-01,9
us7000t0k1, PNSN-07	,N/A
us6000tglh, PNSN-07	,13
us7000t32g,CEA-12,10
uwn6sokuggq,USGS-WEST,3
ci7yq8ki2q, PNSN-07	,10
aka2026ncotqo,SCEDC-01,
us7000t11b,CEA-12,5
aka2026nuxyrh,SCEDC-01,9
us6000tget,CEA-12,5
us7000szru, PNSN-07	,15
us6000th04,SCEDC-01,14
us6000tg40,CEA-12,
us7000t28q,USGS-WEST,5
us7000t11r,USGS-WEST,11
us7000t0hz,PNSN-07,12
us6000tgmr,PNSN-07,10
us7000sz9m,SCEDC-01,7
us7000t2v2,SCEDC-01,0
uu80146066,PNSN-07,2
aka2026olzmfd,USGS-WEST,7
pr71522593, PNSN-07	, 7 
pr71524408,PNSN-07,2
us7000t2ph,PNSN-07,6
tx2026nqvtxz,CEA-12,15
aka2026ozzitt,CEA-12,9
us7000t0sw,PNSN-07,0
aka2026niabsn,PNSN-07,4
us7000t0zd,SCEDC-01,9
us6000thaj, PNSN-07	,15
us7000t2y3, PNSN-07	,1
us6000tgit,USGS-WEST,10
akxodow3ek,PNSN-07,10
usclef97sb8,USGS-WEST,11
us6000thtt,SCEDC-01,7
aka2026nabmnx,USGS-WEST,15
us6000ta32, PNSN-07	,3
us6000tawr,SCEDC-01,15
pr71522918,SCEDC-01,N/A
aka2026ocbkcs,USGS-WEST,5
nc75391606, PNSN-07	,1
us7000t0xw,CEA-12,N/A
us6000tgi4, PNSN-07	,11
us6000tawe,USGS-WEST,11
pr71525803,CEA-12,6
us7000t2e7, PNSN-07	,5
us7000t28p,USGS-WEST,4
us7000t12i,USGS-WEST,0
aka2026oqpuby,USGS-WEST,11
us7000t097,USGS-WEST,9
pr2026183002, PNSN-07	,N/A
us7000sz78,CEA-12,6
us6000ta5h,USGS-WEST,3
us6000tg6f, PNSN-07	,1
us7000t2a7,CEA-12,10
us7000t1jl, PNSN-07	,3
us7000t3kk,USGS-WEST,14
us7000t31u,USGS-WEST,6
us7000sz77,USGS-WEST,11
aka2026nolurq,CEA-12,14
cidv9y694sm6,CEA-12,0
us7000t2rw,SCEDC-01,9
us7000t2yx,SCEDC-01,
us7000t2xt,USGS-WEST,10
us7000t2qz,CEA-12,7
us7000t2rs,CEA-12,14
aka2026ohoxcb, PNSN-07	,8
us7000szkg,USGS-WEST,1
us6000thuc,USGS-WEST,null
us6000ta1q,USGS-WEST,13
us7000t2a5,CEA-12,N/A
us6000thaw,CEA-12,8
us6000ti2p,USGS-WEST,11
us7000sz9l,CEA-12,6
aka2026mxfnyy,USGS-WEST,10
aka2026odorxf,CEA-12,4
us7000t0wd,CEA-12,14
us7000t2ak,CEA-12,
us6000thuu,SCEDC-01,3
aka2026ngvleg, PNSN-07	,
us7000t0iy,PNSN-07,9
us7000t0ik, PNSN-07	,0
pr2026206000,USGS-WEST,null
us7000t2mi,PNSN-07,1
us7000t1e6,USGS-WEST,0
aka2026ooovne,CEA-12,12
us6000ta7w,USGS-WEST,14
us7000t3il, PNSN-07	,1
us7000t0qd,SCEDC-01,10
us6000t9ta,CEA-12,3
us7000t22h,PNSN-07,8
us6000tgnc,USGS-WEST,
us7000t3km,PNSN-07,15
us6000thu3,PNSN-07,
ncj63tt8gn,PNSN-07,
us7000t1q5, PNSN-07	,8
ncftspj28v,CEA-12,12
us7000t1z3,CEA-12,N/A
ak11e8o1tf,PNSN-07,11
tx2026nxnzkm, PNSN-07	,13
us6000tgrw,SCEDC-01,12
aka2026nelqbm,PNSN-07,10
us7000t19u, PNSN-07	,1
ciluakr5gn,CEA-12,8
hv75010117,PNSN-07,1
us7000t020,USGS-WEST,14
us7000t2vx,CEA-12,5
aka2026ncdyzk,CEA-12,2
uw1tb397xc4z,SCEDC-01,9
us7000t2ay,SCEDC-01,5
aka2026nyeszt,USGS-WEST,4
us7000t3ix,USGS-WEST,N/A
cijb873sjerj,SCEDC-01,8
us6000t9ja,SCEDC-01,4
nn00922405,USGS-WEST,11
us6000ta9a,PNSN-07,1
aka2026omtnkx,USGS-WEST,1
nc75406687,USGS-WEST,9
us6000tant, PNSN-07	,9
us7000sz6s,SCEDC-01,13
uw714046442,PNSN-07,5
usuktc7ixwv5,USGS-WEST, 0 
us7000t222,CEA-12,1
us7000t29d,PNSN-07,5
us7000t20c, PNSN-07	,3
us6000tgp9,PNSN-07,15
us7000szex,SCEDC-01,15
us7000t0qg,CEA-12,14
us7000t1gx,USGS-WEST, 0 
us81uvv07lcz, PNSN-07	,14
uw9sd11e6u,SCEDC-01,0
us7000t39a,SCEDC-01,4
us6000ti24,CEA-12,7
aka2026namsxg,USGS-WEST,4
us7000t1d0,USGS-WEST,0
pr71525878,PNSN-07,2
us6000tadr,SCEDC-01,14
us6000tgje,CEA-12,12
us7000szgz,SCEDC-01,3
us7000t2u0,USGS-WEST,4
us6000th0b,PNSN-07,5
ci3unb1fhc40,SCEDC-01,0
us6000tacl,CEA-12,3
us7000t2yv, PNSN-07	,6
us6000th6t,PNSN-07,5
us7000t174,SCEDC-01,4
us6000tg5l,SCEDC-01,0
us6000t9kv,PNSN-07,8
us7000sz7k,SCEDC-01,
aka2026ompvkp,SCEDC-01,null
akwxmu3ln613,CEA-12,N/A
aka2026oaeptv,CEA-12,12
us7000t132,SCEDC-01,6
us7000t1ev,USGS-WEST,11
pr71522373, PNSN-07	,
us6000tgqf,CEA-12,13
us6000tgq3,USGS-WEST,3
us7000t1mz,USGS-WEST,
us7000szx2,CEA-12,6
us7000t0rs, PNSN-07	,14
us7000t34x,SCEDC-01,
aka2026ntqlrt,CEA-12,0
us7000t2pq,USGS-WEST,6
us7000szgy, PNSN-07	,10
us6000t9s2, PNSN-07	,0
nnlxo4ffxy, PNSN-07	,15
us7000t0l0,SCEDC-01,10
us7000t32j, PNSN-07	,11
us7000t0hk, PNSN-07	,8
us7000t32x,PNSN-07,1
us6000t9ls, PNSN-07	,0
aka2026obukgc,CEA-12,11
akrz2rn4xlye,PNSN-07,8
pr2026182000,SCEDC-01,2
us7000t2z1,CEA-12,15
us7000t07t,SCEDC-01,3
us6000thua,SCEDC-01,null
us6000tgir, PNSN-07	,12
us7000t1ap,SCEDC-01,3
tx2026odvkzf,USGS-WEST,12
us6000t9zf,SCEDC-01,15
nn00921520,SCEDC-01,12
us6000tgn1,SCEDC-01,0
us7000sz7n,PNSN-07,null
aka2026onlcjf, PNSN-07	,N/A
us6000ti29, PNSN-07	,N/A
us7000t11n,USGS-WEST,2
us6000tg9i,USGS-WEST,
us6000ta3f,PNSN-07,2
us6000ti57,USGS-WEST,6
us7000t35r, PNSN-07	,0
ak97cwltev2j, PNSN-07	,7
nc75394426,SCEDC-01,N/A
us6000th06, PNSN-07	,0
aka2026nruxmq,USGS-WEST,0
us6000th82,USGS-WEST,8
us7000t1uh,CEA-12,4
us7000t04s, PNSN-07	,0
us7000t11m,CEA-12, 4 
us7000t26j,CEA-12,10
us6000tgvz,SCEDC-01,0
tx2026osawci, PNSN-07	,0
us7000t3f0,PNSN-07,10
us7000t1y9,USGS-WEST,13
nc75387496,USGS-WEST,0
pr71522388,USGS-WEST,0
pr2026189001,SCEDC-01,4
us6000tg56,SCEDC-01,0
uwcaykk2ecq8,SCEDC-01,3
us6000t9mh,PNSN-07,0
us7000szvq,CEA-12,1
pr2026185000,CEA-12,8
aka2026olslps,SCEDC-01,8
us7000t0bm,SCEDC-01,null
us6000tgs2,CEA-12,6
us7000t2qm, PNSN-07	,1
us7000t0qf,PNSN-07,
us7000t1cx,SCEDC-01,7
us90efo2xnk0,CEA-12,0
us7000szwe,SCEDC-01,13
us7000t0qi, PNSN-07	,13
us7000t2s9, PNSN-07	,2
us7000t1am,USGS-WEST,0
pr71525543,SCEDC-01,10
us7000t2qy,PNSN-07,9
us6000ta6r,PNSN-07,9
us7000t13p,USGS-WEST,14
aka2026pbmlel, PNSN-07	,2
us6000ticp, PNSN-07	,13
us7000sznc, PNSN-07	,5
us7000t3ib,CEA-12,15
ci40655106,USGS-WEST,null
us7000t1p6, PNSN-07	,4
us7000t1rx,CEA-12,
us6000taa3,PNSN-07,11
us7000t2c5, PNSN-07	,2
us7000t1gb,PNSN-07,11
us6000tg4h,PNSN-07,15
us7000t01n, PNSN-07	,
aka2026ofvzsk,USGS-WEST,8
us7000t1l8,PNSN-07,7
us6000t9tm,USGS-WEST,2
us7000t142,USGS-WEST,5
us7000t3iy,SCEDC-01,13
aka2026ogebwl,SCEDC-01,9
aka2026necqet,CEA-12,4
us6000tibr,CEA-12,15
us7000t145, PNSN-07	,4
us7000t1ar,CEA-12,0
us7000sz1h,SCEDC-01,0
us7000t2f2,PNSN-07,9
us7000t1j0,USGS-WEST,14
aka2026nvdkte, PNSN-07	,12
us7000t2p1,CEA-12,3
ci40659722,PNSN-07,9
useb6j6yhqvk, PNSN-07	, 10 
us7000t1v5,PNSN-07,14
us7000sz7m, PNSN-07	,6
us6000t9q1,SCEDC-01, 11 
ci41286623,CEA-12,12
us7000t141,CEA-12,12
us7000t1us,CEA-12,12
pr2026210000,PNSN-07,7
aka2026nzdxmt,USGS-WEST,12
us6000t9lb,USGS-WEST,15
us7000t126,SCEDC-01,null
aka2026oggdih, PNSN-07	,N/A
uso9ak81lbu4,PNSN-07,N/A
aka2026odnnzz,SCEDC-01,9
us7000t11d,SCEDC-01,4
us6000tahc,PNSN-07,4
us7000sz7b,PNSN-07,4
us7000t02v,PNSN-07,N/A
us7000t34g,USGS-WEST,0
us7000t1p0,PNSN-07,11
us6000tha5,PNSN-07,4
us6000tg32,CEA-12,null
us7000t2h4,PNSN-07,9
us7000t01s,USGS-WEST,0
us7000t2s0,CEA-12,13
us7000t185, PNSN-07	, 12 
us6000taaa,PNSN-07,11
us55eks4e2,PNSN-07,8
pr71523308,USGS-WEST,1
us6000t9u2,SCEDC-01, 2 
us7000t17d,SCEDC-01,11
us7000t2rr,USGS-WEST,12
us6000tgt4,PNSN-07,2
us6000ti1w,PNSN-07,3
us6000th9z, PNSN-07	,2
us3ah407s0wc,PNSN-07,1
ciew6899xli,USGS-WEST,4
ciosdse9664j,USGS-WEST,13
us7000t28g,PNSN-07,11
hv75009922,CEA-12,9
us6000tgqe,SCEDC-01,12
us7000t1l4,PNSN-07,15
us7000szi4,CEA-12,14
pr71523623,SCEDC-01,3
us7000t2bs,CEA-12,8
akccwhnigvt,PNSN-07,null
us6000tgqw,USGS-WEST,8
aka2026ovirzc, PNSN-07	, 11 
us7000szew,CEA-12,0
us7000t17h,SCEDC-01,14
us6000tg3m, PNSN-07	,1
us6000th9w,CEA-12,1
us7000t0sg,PNSN-07,13
us6000th6j,CEA-12,9
aka2026odaaai,CEA-12,3
nc5e5p2wzl1,SCEDC-01,11
us7000t1wa,CEA-12,1
us7000t38s,USGS-WEST,14
us6000tal2,PNSN-07,
us7000t2q0,CEA-12,1
aka2026nkljfh,SCEDC-01,9
aka2026ofsgvh, PNSN-07	,0
us7000t2l1, PNSN-07	,5
us6000t9zv,CEA-12,null
uu80145291,USGS-WEST,11
us7000t10g,CEA-12,N/A
us7000szf5,USGS-WEST,2
aka2026nesxaa,PNSN-07,13
us7000t1nz,PNSN-07,13
us7000t2si,USGS-WEST,11
us7000t3m6,SCEDC-01,3
us6000tg8j,USGS-WEST,4
us7000t1q8,PNSN-07,5
us7000t11c,CEA-12,14
pr71523173,CEA-12,null
us6000taj8,PNSN-07,11
us7000t1pp,USGS-WEST,12
us7000t2fd,SCEDC-01,N/A
us7000t3p2,CEA-12,14
us7000szw8,USGS-WEST,2
us7000t1gu, PNSN-07	,11
us6000th6u,CEA-12,10
us7000t11x,PNSN-07,14
us6000th96,SCEDC-01,13
us6000tgzt,USGS-WEST,8
us7000t1x3,PNSN-07,12
us7000t2xx,PNSN-07,14
nc75393496,SCEDC-01,8
pr2026189000,CEA-12,9
us6000t9c6,SCEDC-01,10
us7000t385,SCEDC-01,14
akd4r1sax3s,CEA-12,5
us7000t1ep, PNSN-07	,11
us6000tg64,CEA-12,6
us7000t0db,SCEDC-01,0
aka2026omgslv,PNSN-07,
us7000t192,USGS-WEST,9
us6000t9gc,USGS-WEST,12
us7000t0ih, PNSN-07	,14
uwn4gefv3h,SCEDC-01, 0 
us7000t2z2,SCEDC-01,null
us7000t0qy,USGS-WEST,13
us6000tajp,CEA-12, 11 
pr71524663, PNSN-07	,null
pr71525758,CEA-12,11
usddxmdijtw0, PNSN-07	,4
ncofak0zdp,PNSN-07,0
us6000tga7,SCEDC-01,6
us6000tgqs,USGS-WEST,5
aka2026oagrvb, PNSN-07	, 15 
aka2026ocmjtm,PNSN-07,9
us7000t0r5,CEA-12,N/A
us6000tgjc, PNSN-07	,null
us7000t0it,USGS-WEST,5
aka2026ninedg,USGS-WEST,1
us7000t0nr, PNSN-07	,8
us6000taxu, PNSN-07	,5
us7000t0l3,SCEDC-01,N/A
us7000t0ff,CEA-12,1
us7000t0pl,USGS-WEST,2
aka2026nlwmgd,USGS-WEST,9
us6000ti3a,USGS-WEST,6
nc1pf9mpd6,USGS-WEST,1
aka2026nejajx,SCEDC-01,14
us6000th02,SCEDC-01,1
nn00921593, PNSN-07	,6
us6000tgjt,PNSN-07,0
us7000t1df,SCEDC-01,5
us6000tgp5,PNSN-07,8
us6000ti6i,SCEDC-01,13
us7000t0ze,PNSN-07,11
us7000t0ej,CEA-12,4
us7000t1ui,USGS-WEST,7
us7000t1z0,PNSN-07,1
us6000th7b,USGS-WEST,2
us7000t0zs,PNSN-07,5
us6000th7y, PNSN-07	,5
ciopec5vac,USGS-WEST,1
us6000ta3s,CEA-12,1
us7000sz7g,SCEDC-01,8
aka2026nfezvx,USGS-WEST,
aka2026oacfek,PNSN-07,11
us7000szyb,CEA-12,5
us7000t2ei,CEA-12,10
us7000t2yr, PNSN-07	,6
aka2026mzunma,PNSN-07,14
aka2026nlnnln,PNSN-07,4
us7000szf9,USGS-WEST,10
us6000taxg,SCEDC-01,3
us6000thb5,SCEDC-01,5
us6000th0l, PNSN-07	,5
tx2026mxjgty,SCEDC-01,4
aka2026nktqmu, PNSN-07	,12
aka2026orobae,USGS-WEST,3
us7000t130,SCEDC-01,7
us7000t0ig, PNSN-07	,12
us7000t3kj,USGS-WEST,14
us7000t27x,CEA-12,12
us6000taxw,CEA-12,8
pr71525263,SCEDC-01,1
hv75002021,SCEDC-01,6
tx2026oqgtjm,USGS-WEST,
us7000t2dd,PNSN-07,2
us7000t2ar, PNSN-07	,14
us6000tapb,CEA-12,7
aka2026onpxkk,USGS-WEST,15
us6000than,USGS-WEST,12
us6000tghu,CEA-12,7
aka2026ntfzrn,USGS-WEST,13
us7000szb1,USGS-WEST,9
us7000t09g,CEA-12,1
us7000t3bw,PNSN-07,1
pr71523648,USGS-WEST,5
us7000sz98, PNSN-07	,7
us6000tgyh, PNSN-07	,5
usiqg7d8cxf, PNSN-07	,10
us7000t0qk,CEA-12,null
nc75396201,CEA-12,14
us6000talr,SCEDC-01,8
us6000tg88, PNSN-07	,0
us7000t32y, PNSN-07	,4
us7000t0pe,SCEDC-01,8
us7000t20r,SCEDC-01,15
us6000taxr,PNSN-07,5
aka2026nmkgyn,SCEDC-01,15
akcwbyx7ch,USGS-WEST, 11 
us6000tg30,CEA-12,7
us7000t02t, PNSN-07	,0
aka2026okmwzn,PNSN-07, 9 
usxlo3it422w,USGS-WEST,0
us7000t0uv,CEA-12,11
us7000t2qb,USGS-WEST,0
us6000ta64,USGS-WEST,2
us7000t232,CEA-12,4
aka2026ogxjlg,CEA-12, 7 
us7000t2w2, PNSN-07	,5
nc2va8ef35d,USGS-WEST,1
us6000tgtc, PNSN-07	,N/A
us7000t21z,SCEDC-01,0
us7000t1lv,SCEDC-01,2
us6000tghn,SCEDC-01,0
us6000tgwu,USGS-WEST,11
us6000tgnj,CEA-12,14
pr2026186000,CEA-12,0
us6000tgbm,PNSN-07,
aka2026njftrr,USGS-WEST,7
ci40656850,USGS-WEST,13
us7000t2t9,SCEDC-01,8
us7000t3ll,PNSN-07,5
us7000t35c, PNSN-07	,1
ci40659794,SCEDC-01,14
us6000taah,SCEDC-01,7
pr71526058, PNSN-07	,
us6000th4u,SCEDC-01,11
us7000t2fj,CEA-12,7
us7000t2ku,PNSN-07,11
us6000tgau,PNSN-07,15
us6000taui,CEA-12,0
us7000t389, PNSN-07	,
us6000th7g,CEA-12,15
us7000sziv,PNSN-07,8
us7000t046,SCEDC-01,4
nnw0skud2sp1,CEA-12,9
cihwdk1npl,USGS-WEST,2
aka2026pamoue,CEA-12,6
us7000t09p,CEA-12,8
us6000tgsa, PNSN-07	,6
ak36ny4wejmq,CEA-12,12
us7000t0pn,SCEDC-01,3
us7000t1ph,USGS-WEST,10
us6000tayr,USGS-WEST,14
nc4n4tpio50,SCEDC-01,15
us7000t3ce, PNSN-07	,9
aka2026nccdjm, PNSN-07	,7
us6000tgrb,CEA-12,4
us7000t1fj,PNSN-07,null
us6000tgg2,SCEDC-01,9
aka2026nontgz, PNSN-07	,1
us6000th1h,PNSN-07,11
ci40660970,USGS-WEST,15
us7000szn7,PNSN-07,6
nni42y75st8a,PNSN-07,1
us7000t11j,SCEDC-01,0
us7000t15b,PNSN-07,1
us6000tgwd,USGS-WEST,N/A
us6d8boni8zl,SCEDC-01,N/A
tx2026mvdbvd,PNSN-07,2
us7000t2qk,PNSN-07,10
us6000tha1,SCEDC-01,1
cizc8pefod,SCEDC-01,4
us6000tgla, PNSN-07	,8
us7000t1q1, PNSN-07	,null
us6000t9n0,USGS-WEST,3
us7000t24y,USGS-WEST, 5 
us7000szg8, PNSN-07	,14
uw2kqii2a7ml, PNSN-07	,
us7000sztw,SCEDC-01,9
us6000tayg,USGS-WEST,1
us7000szb9,USGS-WEST,15
us6000tg90,USGS-WEST,6
us7000szwj,CEA-12,9
tx2026onpsve,USGS-WEST,
us7000szhj,CEA-12,11
us6000th1n, PNSN-07	,15
us7000sz6p,CEA-12,14
us6000tg4d,CEA-12,
us7000t036,PNSN-07,
us7000t3fm, PNSN-07	, 9 
nnnbnzxdu3r,CEA-12,14
aka2026ngtthd, PNSN-07	,4
us7000t1j4,SCEDC-01,7
uw2tjbc0u1x,PNSN-07,9
pr71525138, PNSN-07	,5
uwv3aekgjc, PNSN-07	,8
us7000t1dn,PNSN-07,0
us7000t3dd,CEA-12,10
ci40659938, PNSN-07	,10
pr71523593,SCEDC-01,10
us7000t2ki, PNSN-07	,12
us6000thf0,SCEDC-01,9
us7000szsd, PNSN-07	,1
us6000t9p3,CEA-12,7
us7000t2zt, PNSN-07	,13
us6000t9j7,USGS-WEST,
us7000t3fw, PNSN-07	,2
us7000t1em,SCEDC-01,9
nnl8gsyhyn,SCEDC-01,8
us7000t0x8, PNSN-07	,7
us7000t27h,SCEDC-01,
aka2026nyxoap,PNSN-07,2
us6000tg66,USGS-WEST,14
us6000th09,CEA-12,14
us6000tgdw,USGS-WEST,11
us6000tazl, PNSN-07	,7
aka2026pbdjqy,CEA-12,4
us7000t2p8,SCEDC-01,0
aka2026oqpomb,CEA-12,null
us7000szzl,SCEDC-01,15
us6000tge7,USGS-WEST,N/A
us6000thth,SCEDC-01,12
us7000t1da,PNSN-07,7
pr71522953,CEA-12,N/A
nc75393656,USGS-WEST,5
us6000tggr,PNSN-07,15
us6000tgpj,USGS-WEST,4
us7000t1m2,USGS-WEST,5
us6000tgqc,SCEDC-01,15
ci40659802,USGS-WEST,0
us6000t9jv, PNSN-07	,0
us7000t10m,PNSN-07,15
aka2026ncfzau,SCEDC-01,11
usm0zroah6go,USGS-WEST,14
us7000szki, PNSN-07	,15
us7000t0rd,USGS-WEST,9
us7000t1uf,PNSN-07,2
us7000t2l3,SCEDC-01,10
us6000tgz2,CEA-12,0
us6000tgnd,CEA-12,6
us6000tg4r,PNSN-07,0
aka2026oddlrl,USGS-WEST,7
us6000taa2, PNSN-07	,15
us7000t07s,SCEDC-01,0
aka2026ovuicj,SCEDC-01,1
us7000sz4q, PNSN-07	,2
us6000t9yy,USGS-WEST,2
aka2026oduihw,SCEDC-01,15
aka2026nafhzg,SCEDC-01,14
us7000szfj, PNSN-07	,3
ciobj6j23ou,PNSN-07,0
us7000t3fn,PNSN-07,2
uwgmdm3mm68,CEA-12,1
us6000tgud,PNSN-07,11
us6000tg42, PNSN-07	,12
us7000t299,CEA-12,7
us6000thbi,SCEDC-01,14
us7000t20d,SCEDC-01,15
us7000t06d,CEA-12,5
us7000t09h,USGS-WEST,3
pr2026205000,PNSN-07,
us7000t1gr,CEA-12,N/A
us6000tglt, PNSN-07	,8
us6000tg38,SCEDC-01,11
aka2026niushu,SCEDC-01,3
us7000t24f,SCEDC-01,7
us7000szhl, PNSN-07	,6
us7000szgr,PNSN-07,1
us7000t2ze,PNSN-07,12
us7000t1ng,SCEDC-01,2
us6000taxv,USGS-WEST,5
nnstg5f8hx, PNSN-07	,N/A
us6000taff, PNSN-07	,5
aka2026nwvvyi,CEA-12,5
us7000t0ul, PNSN-07	,0
us6000tg5e, PNSN-07	,14
us7000t2ui, PNSN-07	,7
us7000t1a9, PNSN-07	,2
pr2026200000,CEA-12,11
us7000t0pv,CEA-12,11
us6000talg,SCEDC-01,9
us7000t3hy,CEA-12,9
pr71523888,PNSN-07,11
us6000tgaw,CEA-12,15
us6000tg4b,CEA-12,0
us7000t1k4,CEA-12,N/A
us7000szjl,CEA-12,0
us7000t2dv,USGS-WEST,3
us7000t01t, PNSN-07	,0
us7000t2gq,USGS-WEST,6
pr71524353,SCEDC-01, 3 
us7000t2yb,PNSN-07,13
us7000t1cl, PNSN-07	,9
cisxr1lbjbf,PNSN-07,10
cigjpk1hm2t, PNSN-07	,
pr71525293,CEA-12,2
us7000t34r, PNSN-07	,4
akf8fqf97vc, PNSN-07	,3
us7000t2e4, PNSN-07	,3
us6000th03,PNSN-07,3
us7000t02w,PNSN-07,11
us7000t0e1,PNSN-07,3
us7000t3j0,USGS-WEST,10
us7000t2an,CEA-12,6
us7000t1b0,USGS-WEST,0
aka2026ofgpfl, PNSN-07	,8
us6000taai, PNSN-07	,8
us7000t035,USGS-WEST,14
us7000t0nw,PNSN-07,1
us6000tga6,USGS-WEST,15
us7000sz68,PNSN-07,3
us6000tgj6, PNSN-07	,15
us7000t16p,SCEDC-01, 5 
aka2026obdqvp,USGS-WEST,6
us7000sz58, PNSN-07	,14
us6000t9c5,PNSN-07,3
us7000t12z,SCEDC-01,4
nnzw1inpql,USGS-WEST,3
us7000t0v3,PNSN-07,4
us6000taci, PNSN-07	,15
us7000t2yd,USGS-WEST,13
aka2026oeqdnu, PNSN-07	,4
us6000t9um,USGS-WEST,4
us7000sznb, PNSN-07	,11
us7000t382,PNSN-07,7
us6000thta,CEA-12,9
us7000t0tp,USGS-WEST,13
us7000szbw,CEA-12,6
us6000tgc3,USGS-WEST,15
us7000t2yz,CEA-12,4
us6000t9cu, PNSN-07	,8
us7000t32b, PNSN-07	,11
us6000titx,SCEDC-01,
aka2026olyovr,USGS-WEST,15
akvyp79vkei,USGS-WEST,15
akjsjhbst8,CEA-12,8
us6000t9h4,USGS-WEST,14
us7000sz7h,PNSN-07,9
us7000t0ps,CEA-12,4
us7000t1qp,SCEDC-01,5
us6000th1b,PNSN-07,5
us6000tgaq,PNSN-07,3
aka2026nhpisa, PNSN-07	,14
us1byg1h76e,SCEDC-01,11
pr71525468,SCEDC-01,0
nc75405277, PNSN-07	,9
us7000szmt,SCEDC-01,9
cipevuq50ge,PNSN-07,12
us6000th0p, PNSN-07	,2
us7000t2y1,CEA-12,3
us7000t04b,SCEDC-01,5
us7000t1uw, PNSN-07	,7
pr2026201000,SCEDC-01,7
us7000t20s,CEA-12,3
us7000t328,CEA-12,5
aka2026occkjx,SCEDC-01,14
us7000szjz,USGS-WEST,0
us6000tak5,USGS-WEST,4
tx2026ohmvlr,CEA-12,12
aka2026pbngng,PNSN-07,15
us6000tibl,PNSN-07,10
us7000t04k,CEA-12,6
us7000t2fx,PNSN-07,1
us7000t1yn, PNSN-07	,0
us7000t1d2,SCEDC-01,14
us6000ta0j,PNSN-07,2
nc75409242, PNSN-07	,0
us6000tglb,CEA-12,11
us7000t0de,CEA-12,1
us6000t9jm,PNSN-07,11
us6000t9bv,PNSN-07,5
uw1v469aa15, PNSN-07	,15
us6000th45,CEA-12,1
pr71523573,USGS-WEST,13
us7000szm5, PNSN-07	,5
aka2026noklet,PNSN-07,15
us6000th4y,USGS-WEST,10
us6000ta0n,CEA-12,13
us6000th4k,CEA-12,13
us6000th8m,SCEDC-01,10
nnw97ia7cr,USGS-WEST,6
us6000tatn, PNSN-07	,12
us6000th7a,PNSN-07,9
nnpsgqony8cb, PNSN-07	,8
us6000th6m,SCEDC-01,15
us7000t275,PNSN-07,10
us7000t1x5,SCEDC-01,9
us7000t1ur,SCEDC-01,13
us7000t334,USGS-WEST,6
aka2026odhzdp, PNSN-07	,13
us7000t032, PNSN-07	,11
pr2026188000,USGS-WEST,5
us7000t376, PNSN-07	,1
us7000t1tw,SCEDC-01,0
us7000szch, PNSN-07	,9
us6000tg6q,PNSN-07,8
us6000ta52, PNSN-07	,1
us6000tgxl, PNSN-07	,15
us7000t2ry,CEA-12,3
us7000t2as,PNSN-07,5
us6000tg4s,PNSN-07,8
ci8xgdrllj,CEA-12,14
us7000t2ja,SCEDC-01,0
us7000sz7e, PNSN-07	,3
pr71524593, PNSN-07	,8
us6000ti1x,SCEDC-01,4
us7000t0w6,SCEDC-01,14
us7000t1q4,CEA-12,10
us7000t35i,USGS-WEST,9
aka2026nmguxw, PNSN-07	,8
aka2026nebzsm,CEA-12,13
aka2026ncclpa,PNSN-07,3
us7000t0zh,PNSN-07,0
us7000t3kq,PNSN-07,6
us7000t1f5,CEA-12,4
us7000t2qw, PNSN-07	,5
nceernkr15pi,PNSN-07,9
us6000tadc,USGS-WEST,1
us6000ta95,SCEDC-01,4
us6000t9c3,USGS-WEST,0
us7000t2yh,SCEDC-01,8
nc75398761, PNSN-07	,12
us7000szv2,SCEDC-01,0
us6000tgee,CEA-12,8
ncls4tu5hz,USGS-WEST,8
us6000tgjx,CEA-12,10
us7000szd0,CEA-12,9
us6000taz5, PNSN-07	,12
aka2026oqtolr,SCEDC-01,0
us7000t177,USGS-WEST,5
us7000t0ta,CEA-12,15
us7000t0f6,CEA-12,15
us7000t0tu,SCEDC-01,11
aka2026oymslq,USGS-WEST, 0 
us6000taf3,CEA-12,8
us6000tgf4,SCEDC-01,3
ci40656458,PNSN-07,12
cif9t14ngw,SCEDC-01,7
tx2026nuobbt,USGS-WEST,7
akg5qf70h9,USGS-WEST,1
us7000t2q1,SCEDC-01,14
aka2026nplhoo, PNSN-07	,null
us6000tgdq,SCEDC-01,14
us6000tg85,USGS-WEST,9
us7000szzx, PNSN-07	,4
us7000t1pt,USGS-WEST,
us7000t22r, PNSN-07	,9
us7000t1uv,CEA-12,0
us7000szr0,USGS-WEST,8
aka2026ofktai,USGS-WEST,12
us7000t327,CEA-12,10
pr71525508, PNSN-07	,6
us6000th6c,SCEDC-01,13
uwk51343pyf, PNSN-07	,9
us7000t2yu,PNSN-07,6
nc75396921,USGS-WEST,
nn00922625,PNSN-07,4
us7000t0e7,SCEDC-01,3
us6000taft, PNSN-07	,13
us7000sz9k,USGS-WEST,6
us7000t1hg,USGS-WEST,13
hv74998936,SCEDC-01,4
nc75388321, PNSN-07	,5
us6000taxt,PNSN-07,2
usle8wprw7t,CEA-12,9
cirttona5k, PNSN-07	,3
pr71523583,SCEDC-01,14
us7000t119, PNSN-07	,11
us6000th00,CEA-12,14
us7000t1a8,USGS-WEST,7
us7000szla, PNSN-07	,15
us6000tgyq, PNSN-07	,6
aka2026nrotnq,PNSN-07,9
us6000tg3i, PNSN-07	,12
us7000t37a,PNSN-07,6
pr71522793,CEA-12,4
us7000sz6b,PNSN-07,6
us7000t1qd,PNSN-07,1
aka2026npvifc,USGS-WEST,13
pr71524818,PNSN-07,0
us7000t1fs,USGS-WEST,6
us7000t0ds,PNSN-07,null
pr71524508, PNSN-07	,3
us7000t0fu,SCEDC-01,15
us6000t9hw,USGS-WEST,11
us7000t3kp, PNSN-07	,9
ci40660218,PNSN-07,15
us6000th74,PNSN-07, 11 
us7000t0me,PNSN-07,
ak35ztl3lqvn, PNSN-07	,0
ncxck7bh6m8,PNSN-07,
us7000sz3s,PNSN-07,5
us6000tgys, PNSN-07	,15
tx2026onbnwl,CEA-12,11
us7000szdk,USGS-WEST,12
us6000tgq4,SCEDC-01,5
us6000ta3q,PNSN-07,0
us7000szii,SCEDC-01,5
us7000t10d,PNSN-07,14
nn3w1bpnlzah, PNSN-07	,14
us6000tgl6,USGS-WEST,6
us7000t02f,CEA-12,5
us6000t9f9, PNSN-07	,10
aka2026nxffud,USGS-WEST,2
nne0vcgdzes5,CEA-12,14
us6000tgcw, PNSN-07	,N/A
us6000tawa,CEA-12,13
nnjpv196qv6,PNSN-07,14
us7000t2yy,USGS-WEST, 11 
us7000t2w5,CEA-12,2
us7000sz1w,SCEDC-01,7
us6000t9fz,USGS-WEST, 7 
us7000t3a0, PNSN-07	,1
uwvxae6nr7,CEA-12,10
us7000t307,PNSN-07,0
pr71523148,SCEDC-01,2
us7000t35k,CEA-12,11
us7000t1c2,USGS-WEST,4
us6000t9tt,SCEDC-01,0
us6000taz9, PNSN-07	,5
us7000t0jc,USGS-WEST,10
us6000tg9q,SCEDC-01,6
us7000szm1,SCEDC-01,9
us7000t0q9,SCEDC-01, 3 
us7000t2gh,SCEDC-01,N/A
us7000t15z,USGS-WEST,14
us6000tati,SCEDC-01,10
us7000t16y,SCEDC-01,10
us7000t3e7,SCEDC-01,10
us6000tg67,USGS-WEST,3
us6000tgqq,USGS-WEST,10
ak0nfdx69f,USGS-WEST,10
us7000szix,PNSN-07,15
hv75001316,PNSN-07,6
us7000t2ma,CEA-12,5
us6000th0m,CEA-12,9
hv75000251,USGS-WEST,6
nc75390041,PNSN-07, 4 
aka2026oddglh, PNSN-07	,7
us7000t291, PNSN-07	,10
us7000t12v, PNSN-07	,1
hv75000976,SCEDC-01,13
us6000tgyj, PNSN-07	,6
aka2026ojysvm, PNSN-07	,5
aka2026otbuir, PNSN-07	,13
us7000t3g4,CEA-12,5
us6000tgij, PNSN-07	, 0 
pr71522598, PNSN-07	,6
us7000t2jh,PNSN-07,0
us7000t0ug,PNSN-07,1
aka2026oqpfqq,CEA-12,15
pr71523678,SCEDC-01,9
us6000tgkj,SCEDC-01,1
nn00922060,SCEDC-01,13
akjtvk8fwas, PNSN-07	,4
us7000szsn,CEA-12,4
us7000t23m,PNSN-07,N/A
usts0e4k53k,USGS-WEST,0
us7000t2ye,USGS-WEST,3
us7000t2u4, PNSN-07	,15
cire4utx1f, PNSN-07	,2
pr71523128,USGS-WEST,15
us6000tg3h, PNSN-07	,1
us6000t9lc,PNSN-07,8
us7000t0s9,USGS-WEST,
aka2026nxdfoy,USGS-WEST,1
us6000t9uw,SCEDC-01,1
us6000tab5,USGS-WEST,10
nne4l9oo5gc,PNSN-07,1
aka2026obemtt,PNSN-07,3
uw714045412,USGS-WEST,15
us6000t9hl, PNSN-07	,4
tx2026ojshuv, PNSN-07	,0
us7000t2i0,SCEDC-01, 1 
us7000t1q6,USGS-WEST,3
us6000ta7h,CEA-12,15
aka2026nksuss,SCEDC-01,4
usj0l6lz482,CEA-12,15
us7000t2zd,PNSN-07,6
us7000szes,SCEDC-01,1
us7000t3dx,PNSN-07,10
ak51uoh2k710, PNSN-07	,N/A
nc75406447,USGS-WEST,10
pr71523598,SCEDC-01,null
us7000sz73,SCEDC-01,0
us7000t2ln, PNSN-07	,12
us6000tg95,PNSN-07,10
us7000szpb,CEA-12,8
us7000t29b,CEA-12,0
us7000t3dp,CEA-12,14
us6000tazy,SCEDC-01,10
us7000t2zk,USGS-WEST,2
us6000ta6g,SCEDC-01,10
ak6965e9k9j,CEA-12,14
ncahmrfiqebt,USGS-WEST,0
us7000szcz,PNSN-07,12
us7000szgw,PNSN-07,4
us7000t117,PNSN-07,0
hv75000056,PNSN-07,14
us7000t0vj,SCEDC-01,2
aka2026ndsqav,CEA-12,10
us7000t3pf,USGS-WEST,8
us7000t14e,USGS-WEST,8
us7000t38y,CEA-12,6
us6000th6b,CEA-12,7
us7000t2d2,SCEDC-01,9
aka2026nyyois,USGS-WEST,7
ncyanshuk7s1,CEA-12,10
us7000t0fg, PNSN-07	,3
us6000tgx5, PNSN-07	,15
us7000t2ig,PNSN-07,13
us7000t2q3, PNSN-07	,N/A
us7000t2rb, PNSN-07	,13
us7000t221,CEA-12,2
us6000tgva,CEA-12,9
us6000th1c,USGS-WEST, 2 
us7000t3l3,USGS-WEST,13
nn5tzgo25w6,USGS-WEST,13
us6000th7q,PNSN-07,12
us7000t27v, PNSN-07	, 0 
us7000t101, PNSN-07	,6
uu80145961, PNSN-07	,15
tx2026nlsfee,PNSN-07,9
us6000tgn6,PNSN-07,1
nc6avln1ah, PNSN-07	,N/A
us7000t0uu,PNSN-07,4
aka2026nxqdwi,CEA-12,0
us6000tg5f,PNSN-07,6
nnb3vdljyq,PNSN-07,5
us7000t32f,PNSN-07,9
us6000th0n, PNSN-07	,14
us7000t1z2,PNSN-07,3
us7000szxw,PNSN-07,
us7000sz7c, PNSN-07	,6
aka2026olatno, PNSN-07	,4
us7000szr1, PNSN-07	,8
us7000szqn,CEA-12,11
us6000taud,CEA-12,6
us6000th2i, PNSN-07	,null
aka2026ofjhgb,CEA-12,13
us7000t2a3,CEA-12,4
aka2026nnuuqq,SCEDC-01,6
us7000t3cv,USGS-WEST,6
ncx5j4suw1rf,SCEDC-01,0
us7000t3ji, PNSN-07	,15
us6000t9id,USGS-WEST,12
us7000t1jn,PNSN-07,1
ncf2i8mpdp,PNSN-07,2
us7000t1nw,USGS-WEST,13
ak3txjfii7,SCEDC-01,0
uso2b3i5j444,SCEDC-01,6
cipbax60jr,CEA-12,0
us7000t1c5,SCEDC-01,12
us6000tguj, PNSN-07	,7
us7000t0zj, PNSN-07	,8
us7000t0j7,SCEDC-01,6
us7000t19p,SCEDC-01,8
us7000t10t,PNSN-07,9
us7000t03q, PNSN-07	,6
us6000t9u3,PNSN-07,4
us6000tgte,USGS-WEST,3
us7000sz9q,SCEDC-01,10
aka2026nqlaoj,CEA-12,9
aka2026obbvrc,USGS-WEST,11
nc8c8kpg69,CEA-12,8
us6000tgcx,PNSN-07,6
us7000t2mc,CEA-12,14
us7000t14m,CEA-12,null
us6000ti21,SCEDC-01,5
hv74994612,PNSN-07,9
us6000tgpy,PNSN-07,12
us7000t1fp,SCEDC-01,10
us6000tgs0,SCEDC-01,10
ci40660954, PNSN-07	,14
akjzuesm85tq,SCEDC-01,0
us6000tgf0,PNSN-07,2
us7000szhi, PNSN-07	,4
us7000t1n5, PNSN-07	,7
ciqc722lgd,PNSN-07, 15 
us7000t2r0,USGS-WEST,9
us7000t18k,SCEDC-01,5
us7000t10w, PNSN-07	,7
us6000thbs,USGS-WEST,1
us7000sze8,SCEDC-01,14
us7000t19l,PNSN-07,8
us6000tgyp,USGS-WEST,8
us7000t2uy,CEA-12,null
us7000t186, PNSN-07	,N/A
us7000t2px,PNSN-07,13
aka2026owhqej,USGS-WEST,10
aka2026nofhtk,SCEDC-01,6
nni80fsdse,SCEDC-01,N/A
us6000thbz, PNSN-07	,1
us7000szbs,USGS-WEST,4
aka2026ocbilm,CEA-12,2
us7000t2w3,PNSN-07,11
aka2026orklne,USGS-WEST,12
us7000t3i8, PNSN-07	,8
us6000taxd,CEA-12,6
us7000szwc, PNSN-07	,5
us7000t1d7,USGS-WEST, 2 
us7000t1ue,PNSN-07,12
us7000t1jf,USGS-WEST,9
us6000thbu,PNSN-07,11
us6000t9qz, PNSN-07	,3
us7000t0nx,PNSN-07,N/A
akxewexgizj,CEA-12,0
us7000t3ng,USGS-WEST,1
us7000t0t2,CEA-12,
us6000tgqd,SCEDC-01,11
aka2026oyfkso,USGS-WEST,14
us7000t128,PNSN-07,15
us7000t0ct,CEA-12,3
us7000t1wn,CEA-12,3
us7000szq4, PNSN-07	,6
aka2026oufvrd,SCEDC-01,11
aka2026onnfpz,CEA-12,15
nnwy7g3q4l,SCEDC-01,0
pr2026209001,PNSN-07,null
us7000t1sy,CEA-12,5
us7000t356, PNSN-07	,7
us6000th0c,CEA-12,14
aka2026nhyhtn,PNSN-07,null
us6000t9sj,CEA-12,0
pr71524943,SCEDC-01, 15 
pr71523113, PNSN-07	,8
us6000tal5,SCEDC-01,9
us7000szep,SCEDC-01,10
ncpk3w5g91o7,PNSN-07,4
us6000tgb1,SCEDC-01,6
us6000t9hu, PNSN-07	,12
nctz1w4n8o,SCEDC-01, 4 
us7000t2qr,CEA-12,8
uwv3nrz0bk, PNSN-07	,10
us6000ta20, PNSN-07	,9
tx2026ortuwy, PNSN-07	,15
us6000tgp3,CEA-12,5
us6000th0z, PNSN-07	,1
aka2026okobqy,CEA-12,11
pr71525028,CEA-12,5
us7000t171,USGS-WEST,2
us7000t2jm,SCEDC-01,15
pr71523398,USGS-WEST, 3 
us7000t2cl,CEA-12,12
us7000szja,CEA-12,0
us7000szzw, PNSN-07	,1
us7000t1uc,PNSN-07,15
us7000t1vq,SCEDC-01,4
hv75008357,USGS-WEST,10
tx2026ntiklz,PNSN-07, 3 
us7000t0di,CEA-12,10
pr71526598,PNSN-07,12
us7000t2lr, PNSN-07	,4
us6000tgc0,SCEDC-01,6
us7000t34t,CEA-12,4
us7000t1m0,SCEDC-01,15
pr71522213,PNSN-07,0
us6000th7c,PNSN-07,13
aka2026nkxpzp,SCEDC-01,0
us6000tggi,SCEDC-01,10
nc75403337,USGS-WEST,13
us7000t1vp, PNSN-07	,3
us7000t2n3, PNSN-07	,11
us6000ti6h, PNSN-07	,14
aka2026njxngx,PNSN-07,8
aka2026noglmn,PNSN-07,0
us7000t1py,PNSN-07,11
ncpzjeto1h, PNSN-07	,0
us7000t23e,CEA-12,9
cimwppsj4k6x,CEA-12,4
us7000t10c,CEA-12,4
us7000t1km,SCEDC-01,12
us7000t1sr,USGS-WEST,5
aka2026onayaw, PNSN-07	,4
ncsqkj3uh9i,CEA-12,5
nc75394556, PNSN-07	,4
nctrzl00cs,USGS-WEST,11
akh3y8iq4x,USGS-WEST,0
us6000thck, PNSN-07	,6
us6000tgmx,USGS-WEST,13
us6000tgn4,SCEDC-01,6
us7000t3d9,PNSN-07,6
us7000t1s3,PNSN-07,7
us6000th4v,CEA-12,5
us7000szqw, PNSN-07	,5
us6000th8j,SCEDC-01,null
us7000t2y8,SCEDC-01,11
nn00921481,USGS-WEST,7
us6000tggd,USGS-WEST,0
us7000t2q5,SCEDC-01,7
us7000t1e9,PNSN-07,2
nc2nsq66l04j,SCEDC-01,
us7000t2fu,SCEDC-01,4
us7000t0e9,USGS-WEST, 3 
us6000th9p,SCEDC-01,0
us7000t1gi,PNSN-07,8
pr71524378,CEA-12,3
us7000t2zb,CEA-12,13
us6000tgd1,PNSN-07,1
us7000sz7a,PNSN-07,7
us6000t9r5, PNSN-07	,11
us6000tgvc,PNSN-07,11
us7000t2ww,USGS-WEST,7
us7000t0dk,USGS-WEST,2
aka2026oggamh,PNSN-07,3
us7000t34y,CEA-12,3
us7000t2rp,CEA-12,0
aka2026oshais, PNSN-07	,null
us6000t9t2, PNSN-07	,1
us7000t0hn,PNSN-07,0
nn00922257,PNSN-07,5
aka2026odhltp,USGS-WEST,0
pr71523343,SCEDC-01,0
us7000t25y,USGS-WEST,11
akf66o09eqj,SCEDC-01,1
usmuobtqvp,CEA-12,13
us6000th0d, PNSN-07	,10
us6000tgk6,SCEDC-01,8
pr71525333,SCEDC-01, 1 
us6000tgle, PNSN-07	, 0 
us7000t1hd, PNSN-07	,13
us6000tawt,USGS-WEST,13
us7000t0am, PNSN-07	,13
us6000th99, PNSN-07	,8
us7000t1yu,CEA-12,14
us7000t1ey,USGS-WEST,12
us7000t3c6,PNSN-07,13
tx2026nqayet,USGS-WEST,0
pr71522703,SCEDC-01,
aka2026oryrhd,USGS-WEST,8
nnevgjhnl4f,PNSN-07,14
us7000t1ww,CEA-12, 3 
us6000thu8, PNSN-07	,7
us6000tgu5,PNSN-07,14
us6000t9t5, PNSN-07	,1
aka2026mytngg,PNSN-07,2
us6000tgm6, PNSN-07	,13
us7000t3kw,SCEDC-01,11
us7000t3mg, PNSN-07	,N/A
aka2026opursv,CEA-12,12
us6000tgkd,PNSN-07,12
cir2uqc8x1,PNSN-07,10
us6000t9zc, PNSN-07	,0
aka2026omynku,SCEDC-01,5
aka2026mxtnzi,USGS-WEST,10
us7000t1ri, PNSN-07	,
ncwruo5cc0m, PNSN-07	,2
us7000t0pi, PNSN-07	,15
us6000thc9,CEA-12,4
us6000ti5r, PNSN-07	,0
us7000sz2b, PNSN-07	,15
us7000t21e, PNSN-07	,
pr71524518,CEA-12,12
nc75394436,PNSN-07,2
us6000tgnv, PNSN-07	,13
us6000tgh4, PNSN-07	,8
us6000thah,PNSN-07,0
us7000t2f3, PNSN-07	,15
pr71525078, PNSN-07	,0
us6000ta2b, PNSN-07	,7
pr2026209003,CEA-12,9
us7000szfm,USGS-WEST,9
us6000tgdv,PNSN-07,0
us7000t18z,USGS-WEST,7
us7000t03k,SCEDC-01,5
us7000szh0,USGS-WEST,10
us7000t0ss,PNSN-07,10
us7000t140,SCEDC-01,12
us7000sziq,USGS-WEST,2
us7000sz2t, PNSN-07	,14
us6000tgh6,SCEDC-01,12
us7000t3hw,PNSN-07,0
us6000tg6n,PNSN-07,3
us6000tgep,SCEDC-01,14
us6000ta6h, PNSN-07	,3
us6000tgyz,PNSN-07,11
us7000t2z5, PNSN-07	,2
us7000t26u,SCEDC-01,12
us6000ti3h,SCEDC-01,0
pr2026183001,USGS-WEST,8
us7000t0ce, PNSN-07	,3
nn625tu4tooi,PNSN-07,3
us6000t9qx,PNSN-07,0
us7000t2xy,CEA-12,0
us6000tge0, PNSN-07	,2
nc8ud3qgm6,PNSN-07,0
us7000t2c9,CEA-12,11
tx2026odwext, PNSN-07	,
us7000szil,CEA-12,2
aka2026optnjq,SCEDC-01,9
us7000t3bz,SCEDC-01,14
pr71523978,PNSN-07,15
us7000t033,PNSN-07,6
us7000t2g0, PNSN-07	,15
us7000szn3,SCEDC-01,6
aka2026neabrs,SCEDC-01,13
us6000tg7w,PNSN-07,12
us7000t0zr,CEA-12,13
hv75000071,PNSN-07,13
us7000t1sv,SCEDC-01,N/A
nc4y44n45t,PNSN-07,5
aka2026narcsb,PNSN-07,10
us7000sz8b,USGS-WEST,N/A
us6000thc1,USGS-WEST,13
us6000tgs3,PNSN-07,2
us7000t3m7,SCEDC-01,12
us7000t1lh,PNSN-07, 15 
us7000t06c,CEA-12,4
us7000t1tu,PNSN-07,12
us6000tam3,CEA-12,9
us7000t0px,USGS-WEST,1
us6000tgax,SCEDC-01,2
us7000t0pw, PNSN-07	,5
us7000t1b3,SCEDC-01,6
us7000t21u,USGS-WEST,10
us7000t2ug,CEA-12,3
us6000talm,PNSN-07,2
aka2026oxibnx,CEA-12,9
us7000t165, PNSN-07	,2
us6000tadj,SCEDC-01,13
us7000t0q4,CEA-12,13
us6000t9m4,CEA-12,14
nchoyx10ts,PNSN-07,7
us7000szdj,USGS-WEST,13
us7000szyg,PNSN-07,14
aka2026nkthpl,USGS-WEST,6
us6000tadn, PNSN-07	,13
us6000th5i,CEA-12,5
aka2026nmlras,CEA-12, 14 
us6000th2y,SCEDC-01,N/A
us6000taxc,USGS-WEST,2
ci40659914,PNSN-07,0
us7000t25s,CEA-12,14
us6000tase,CEA-12,8
us7000t3a2,USGS-WEST,12
aka2026otbiqm,CEA-12,0
us6000thu2,SCEDC-01,2
ncd3p7msfgm,CEA-12,4
us7000t1aq,SCEDC-01,1
us6000thu9,USGS-WEST,1
us6000tazn, PNSN-07	,2
us7000t3m5,SCEDC-01,7
us7000t2je,CEA-12,13
hv75006537,SCEDC-01,10
aka2026otvbng,SCEDC-01,2
us6000tgq1,PNSN-07,9
us7000t11z,PNSN-07,7
aka2026nodhiw,SCEDC-01,9
us7000szth,SCEDC-01,4
us7000szcw,PNSN-07,7
us7000t083,USGS-WEST,11
pr71522673,USGS-WEST,5
us7000t2az,USGS-WEST,15
uwc42q2oobp,USGS-WEST,5
us7000t28l,SCEDC-01,12
us7000t2v7,USGS-WEST, 10 
nnvdr6kh74j,SCEDC-01,14
us6000ta1r,CEA-12,N/A
us7000t2ik,CEA-12,6
uwje10p32g,USGS-WEST,5
us7000t0ii, PNSN-07	,10
us6000tgnu,USGS-WEST,N/A
us6000tgan,PNSN-07,10
uskquog8lc7, PNSN-07	,0
us7000t2wx,SCEDC-01,9
us7000t0e5, PNSN-07	,9
uu80145026,CEA-12,7
us7000t3f9,USGS-WEST,2
aka2026ntsmpi,PNSN-07,8
us7000t2ws,USGS-WEST,12
aka2026ngjrti,CEA-12,8
us7000t099,PNSN-07,3
us6000tgq8, PNSN-07	,10
us7000t22f, PNSN-07	,13
us7000szf4,SCEDC-01,6
us7000t0y9, PNSN-07	,11
us3rj6in83,USGS-WEST,0
us7000sz8l,SCEDC-01,9
us7000t03d,USGS-WEST,8
us7000sz66,CEA-12,0
us6000tgyv,PNSN-07,5
nn5pm2t3t2j,PNSN-07,N/A
us6000tgg0,CEA-12,13
us7000t2ae, PNSN-07	,11
us7000t2rh,SCEDC-01,null
ciijms1zm20, PNSN-07	,15
us7000t0pz, PNSN-07	,10
us7000t351,CEA-12,1
pr71523208, PNSN-07	,2
pr71523713,USGS-WEST,13
us6000tasz,PNSN-07,8
us7000t3nw,SCEDC-01,N/A
aka2026nilhgr,PNSN-07,7
us7000t2ys,CEA-12,2
us7000t0yt,PNSN-07,null
pr71524908,CEA-12,10
us7000t2j5,SCEDC-01,4
us7000t183,PNSN-07,N/A
us6000tgeg, PNSN-07	, 0 
us6000t9li,PNSN-07, 14 
us7000t10z,SCEDC-01,1
us7000szm8,CEA-12, 1 
us7000t2rf,PNSN-07,11
us7000t2ai,PNSN-07,11
us7000t1i2,CEA-12,0
us6000thtv,SCEDC-01,2
us7000t25t,PNSN-07,7
us7000t23p,PNSN-07,5
aka2026nyeobt,CEA-12,0
aka2026nrmhru, PNSN-07	,N/A
us6000tgry,CEA-12,8
us7000t1p8, PNSN-07	,15
us7000t05y,PNSN-07,8
us7000t3kz,SCEDC-01,15
nnh28fxm8f, PNSN-07	,14
us7000t38j,CEA-12,10
us6000tgyw,CEA-12,2
us6000tgl0,USGS-WEST,9
us6000ta4p,SCEDC-01,4
aka2026osjcbv, PNSN-07	,9
us7000t35n,PNSN-07,3
us7000t1gh, PNSN-07	,14
us7000t2ue,USGS-WEST,1
pr2026188002, PNSN-07	,1
us7000t1hp,CEA-12,13
us6000th2m,PNSN-07,8
us6000th0a,PNSN-07,11
us6000tghj,PNSN-07,13
aka2026opbpjx,SCEDC-01,null
pr71523313,PNSN-07,7
us7000szdm,CEA-12,
tx2026olgiuk,SCEDC-01,8
us6000tgs9,SCEDC-01,10
us6000th92,CEA-12,7
us7000t18n,CEA-12,10
pr71524458, PNSN-07	,5
us6000ti2t, PNSN-07	,4
us7000t2kg,SCEDC-01,5
us7000t1hq,USGS-WEST,0
us7000t12r,USGS-WEST,4
us7000t27i, PNSN-07	,14
aka2026nvcmds,PNSN-07,0
us7000t0ns,USGS-WEST,3
us7000t2b0,CEA-12,8
us6000tgez, PNSN-07	,7
us6000ta17,CEA-12,N/A
us7000t321, PNSN-07	,1
aka2026obobrw,USGS-WEST,6
us7000sz31,USGS-WEST,8
us7000t0ia,SCEDC-01,0
aka2026onkohk,PNSN-07,0
us6000tgp6,SCEDC-01,2
us7000t116,CEA-12,0
ciijn8sr2wpb,SCEDC-01,9
us7000sz3z,CEA-12,2
us7000t3ky,USGS-WEST,4
aka2026nqezsh,USGS-WEST,3
aka2026nlxdkp,PNSN-07,10
us7000t1kk,SCEDC-01,1
us7000t30x, PNSN-07	,1
us6000tglq, PNSN-07	,
us7000t309,CEA-12,9
us7000t17e,SCEDC-01,3
tx2026nnvatr,SCEDC-01,7
us6000t9zu, PNSN-07	,6
us6000tgbk, PNSN-07	,6
us6000tary,SCEDC-01,12
nnualvrnotr,CEA-12,2
us7000szl2,USGS-WEST,3
us7000t16n,CEA-12,7
us7000t39l, PNSN-07	,null
us7000sznq,CEA-12,14
us7000t13k,USGS-WEST, 2 
us6000th4z,CEA-12,2
us7000t08d,SCEDC-01,N/A
us7000t0ag, PNSN-07	,10
aka2026oasndv,CEA-12,8
us7000t2dz,SCEDC-01,11
us7000t2s6,CEA-12, 2 
us7000t2up,PNSN-07,0
us6000t9tw,SCEDC-01,10
us6000tibz, PNSN-07	,14
us7000t2y6, PNSN-07	,3
us7000t14v,USGS-WEST,11
us7000t218,USGS-WEST,9
us6000th68,PNSN-07,1
aka2026opyztl,USGS-WEST,null
us7000t0jm,CEA-12,8
us7000szyu,PNSN-07,0
akbgilj6u8t,CEA-12,11
us7000t24c,USGS-WEST,11
us7000t1ec, PNSN-07	,12
us7000t2mq,SCEDC-01,0
us6000tada,CEA-12,null
ncfh70fjdwg,USGS-WEST,1
us7000szlw, PNSN-07	,5
us7000t05a,CEA-12,0
us6000taww,PNSN-07,5
us7000t1e8,CEA-12,9
uu80146091,CEA-12,10
us6000th30,CEA-12,5
us6000thur,CEA-12,10
us6000tg6h,USGS-WEST,11
usbtgzcd01s,PNSN-07,15
us7000t1ae,CEA-12,
us7000t3e9,CEA-12,4
aka2026ohjcvi,USGS-WEST,7
us6000tgj4,USGS-WEST,12
us7000t279,SCEDC-01,14
us7000t0k0, PNSN-07	,1
us7000t0k4,SCEDC-01,6
us7000t1du,SCEDC-01,5
us7000t1xr, PNSN-07	,5
aka2026nqafsx,CEA-12,15
us7000t1h7, PNSN-07	,5
us7000t0d7, PNSN-07	,null
us6000tgw4,USGS-WEST,9
us7000sz4p,CEA-12,7
cirtf4mcd909,SCEDC-01,null
us7000t10k,CEA-12,9
aka2026ogpgvy,CEA-12,8
pr2026185003, PNSN-07	,12
us6000tgy6,SCEDC-01,4
us6000th7i,PNSN-07,14
us7000szuz,SCEDC-01,0
us6000tavv,SCEDC-01,6
us7000sz4r,SCEDC-01,7
us7000t0e8,PNSN-07, 1 
pr71524503, PNSN-07	,N/A
us6000thtk, PNSN-07	,N/A
us7000t11k,PNSN-07,11
us7000t3hh, PNSN-07	, 1 
tx2026ojlaky,PNSN-07,4
us7000t1ff,CEA-12,11
us6000tgbn, PNSN-07	,7
us6000tg44, PNSN-07	,14
us6000th43,CEA-12,10
us6000tgzx,USGS-WEST,2
us7000t3hq,PNSN-07,6
us7000t1it,SCEDC-01, 13 
us6000tgaa,PNSN-07,7
aka2026nysert,SCEDC-01,12
us7000t2qc,CEA-12,12
aka2026njxzci,SCEDC-01,7
aka2026ovukdz,USGS-WEST,2
us7000t32e,SCEDC-01,5
akznguq0pg,SCEDC-01,0
nce99kfwbw,PNSN-07,4
us6000tg6g,PNSN-07,11
us7000t0e6,SCEDC-01,3
aka2026nmkzwn,USGS-WEST, 5 
us7000t11q,SCEDC-01,13
tx2026nqkqfx,PNSN-07,3
ciqbs8zmo8p,SCEDC-01,4
ak7ricfk3fu,PNSN-07,5
ncjg486ii929,PNSN-07,5
aka2026patvnn,SCEDC-01,N/A
aka2026ofcpju, PNSN-07	,3
us7000t0ke, PNSN-07	,5
us7000t14l, PNSN-07	,14
us7000t1n0,USGS-WEST,5
nc75404007,CEA-12,0
us7000szfg,CEA-12,10
uwywj1ixvg59,PNSN-07,8
us6000tgd4, PNSN-07	,6
us7000t16u,CEA-12,12
pr2026186001,CEA-12,8
us6000tgse,PNSN-07,11
us6000th4s,PNSN-07,4
us7000t2b9,USGS-WEST,13
nc75394266, PNSN-07	,6
us6000ti7i,USGS-WEST,14
aka2026nrewsi,PNSN-07, 12 
us7000t2af,CEA-12,6
us7000t10v,CEA-12,2
us7000t0ue,USGS-WEST,2
us6000th4t,CEA-12,3
us7000t20l,PNSN-07,10
us7000t2q6,USGS-WEST,5
aka2026nqhjao,CEA-12,5
aka2026nalsmk,SCEDC-01,11
us7000t1aj,PNSN-07,15
us7000t35a,CEA-12,6
pr2026185001,SCEDC-01,8
ak9xs27a8wa,PNSN-07,2
us6000t9eh, PNSN-07	,N/A
us7000t2rq,CEA-12,6
us7000t1eb,PNSN-07,3
us7000t3kn,PNSN-07,10
hv74994352,USGS-WEST,3
ci9ti0kn3wd,PNSN-07,14
pr2026183000,CEA-12,0
us7000t272,SCEDC-01,4
us7000szf7,SCEDC-01,2
aka2026oygmou,SCEDC-01,2
aka2026nkwxzg,CEA-12,4
ci41293535,SCEDC-01,4
us6000tg9n,CEA-12,3
us7000t0hu,SCEDC-01,
aka2026obephy,USGS-WEST,9
aka2026nwlupu,CEA-12,6
us6000tibw,CEA-12,10
nn2cowaie6jo,CEA-12,0
akyrw9c2tjx,CEA-12,0
us7000t2h5,CEA-12,8
us7000t1ig, PNSN-07	,2
us6000tgxq,SCEDC-01,3
us7000t0cl,SCEDC-01,2
tx2026nabvvf,SCEDC-01,2
us6000tgcq,CEA-12,14
us6000tadk,CEA-12,12
us6000t9up,CEA-12,15
us6000tgky,CEA-12,0
us6000tgqr,USGS-WEST,7
us7000t173,USGS-WEST,9
us7000t0r4,SCEDC-01,0
aka2026oqmeif,PNSN-07,10
aka2026nfogqz,USGS-WEST,1
us7000t378,PNSN-07,9
us7000t0q5,SCEDC-01,14
us7000t3lg,SCEDC-01,2
us6000tga9,USGS-WEST,4
us7000t1v2,PNSN-07,15
us7000t1jt,CEA-12,10
us7000t3gz, PNSN-07	,11
us6000taxe,USGS-WEST,1
akjmy2dp5i3q,CEA-12,3
us7000t2tf,SCEDC-01,1
us6000tg4z, PNSN-07	,0
us7000t1kf,SCEDC-01,15
us7000t0jv,SCEDC-01,13
us7000t2dg,CEA-12,13
us7000t2sl,PNSN-07,13
us6000tgeh,PNSN-07,null
us7000t0lu,SCEDC-01,2
us6000tgar,PNSN-07,4
us7000szxs,USGS-WEST,12
us6000t9nj,USGS-WEST,2
us6000thag,USGS-WEST,null
us7000t2pl,CEA-12,0
aka2026oqfnbc, PNSN-07	,12
pr2026207001,PNSN-07,null
us7000t3gt,SCEDC-01,12
us7000t1fg,PNSN-07,2
us7000t1fi, PNSN-07	,6
us6000tgnw,SCEDC-01,1
us6000t9gg,CEA-12,8
aka2026orgynb,CEA-12,15
us6000tatd,CEA-12,
us7000t044,PNSN-07,null
nn9nroxjfv,SCEDC-01,13
us6000ta34, PNSN-07	,13
akgzq689an,SCEDC-01,4
aka2026nsmnnb,USGS-WEST,6
us6000tg2y,USGS-WEST,1
ncobkmfq1gud,CEA-12,13
us7000t0rf,CEA-12,14
us7000t19t,CEA-12,0
us7000t35e, PNSN-07	,13
us6000tgag,PNSN-07,0
us6000th9m,PNSN-07,2
aka2026nwxgkr,PNSN-07,1
us7000t2ab,PNSN-07,6
us7000t0pu,USGS-WEST,10
us6000tgkw,USGS-WEST,10
ci41292855,CEA-12,3
us6000thts,CEA-12,0
us7000sze4,SCEDC-01, 14 
us7000t36t, PNSN-07	,7
us6000tgsx,PNSN-07,14
pr71522998,USGS-WEST,7
us7000t2y2,PNSN-07,N/A
us6000tgql,SCEDC-01,5
aka2026oflccp,PNSN-07,9
us6000taa7,CEA-12,null
us7000t2xk,PNSN-07,14
us7000t29t,USGS-WEST,10
aka2026oklcpr,SCEDC-01,0
us6000tgvu,USGS-WEST,8
us7000t25f, PNSN-07	,
nc75406487,CEA-12,13
nc75406682,CEA-12,15
aka2026ogxhhl,USGS-WEST,7
cixdkfr1vjt,PNSN-07,14
aka2026orxgrp, PNSN-07	,0
us6000thcq, PNSN-07	,5
aka2026odmeew, PNSN-07	,14
us7000t30v,CEA-12,6
us6000tgy8,SCEDC-01,1
us6000takd, PNSN-07	, 6 
pr71523263,PNSN-07,6
nn00921191,PNSN-07,0
us7000szqz,PNSN-07,3
us7000t0uf, PNSN-07	,5
nnjec7od2d,USGS-WEST,6
us7000t34m,CEA-12,12
us7000t2jk,CEA-12,0
us7000szlb,SCEDC-01,0
us7000t1yy, PNSN-07	,10
uu80145401,SCEDC-01,10
aka2026oxwqls,CEA-12,14
us7000szt3,USGS-WEST,8
nnjlu3dv76l,CEA-12,2
aka2026nzlqxm,USGS-WEST,14
aka2026nxrisg,CEA-12,15
cidesgd8b7, PNSN-07	,5
tx2026osatzv,SCEDC-01,4
ciw5ic7gl49,PNSN-07, 5 
us7000t0uy,SCEDC-01, 4 
pr71526538, PNSN-07	,5
nc75394876, PNSN-07	,11
us6000thui,SCEDC-01,10
us7000t1jy, PNSN-07	,14
nc24lalnxjcn, PNSN-07	,
us7000t2qf,CEA-12,12
us6000th4j,USGS-WEST,14
aka2026nffthe,USGS-WEST,15
aka2026ojigbg,CEA-12,4
us7000t02u,SCEDC-01,3
aka2026ocppgp,USGS-WEST, 2 
us7000t0yv,CEA-12,5
us6000tgdt,PNSN-07,7
us6000th5f,SCEDC-01,14
us7000t1dg,PNSN-07,1
ci41287863,USGS-WEST,12
us7000t2qa, PNSN-07	,10
us7000t03m, PNSN-07	,10
pr71522958,SCEDC-01,6
us7000t2q8,CEA-12,6
us6000tg3s, PNSN-07	,N/A
us6000ta2x,SCEDC-01,7
us7000t1up,CEA-12,11
us7000t3i7,PNSN-07,5
uw3sb4fdts,CEA-12,N/A
aka2026nneook,CEA-12,11
us6000tg4f,SCEDC-01,null
us7000t36e,PNSN-07,11
us7000t2pk,SCEDC-01,6
us6000tazk,CEA-12,1
us7000t1ud,CEA-12,10
aka2026otfopk,PNSN-07,14
us7000t2ru, PNSN-07	,15
us6000t9bn,CEA-12,1
pr2026209000,PNSN-07,
us7000t2j8, PNSN-07	,7
us6000tgki,PNSN-07,11
nc653y70jg,USGS-WEST,11
us6000tgke,USGS-WEST,
us7000t2wp,CEA-12,15
nnpi96qoie, PNSN-07	,9
us7000szgv,CEA-12,0
us7000t0ja,SCEDC-01,14
us6000tg48,CEA-12,15
us6000tgl9,PNSN-07,1
us6000tg6e, PNSN-07	,14
us7000t0cb,SCEDC-01,8
ci2i3pcez5ls,USGS-WEST,11
pr71523218,USGS-WEST,0
us6000taw2, PNSN-07	,0
us7000t0tx,USGS-WEST,8
us7000t0jk,SCEDC-01,N/A
aka2026nbaaik, PNSN-07	,1
us7000sz4j,CEA-12,11
aka2026ozlsmh,CEA-12,11
us7000t34c,USGS-WEST,9
us6000tavs,USGS-WEST,9
us7000t13l,SCEDC-01,12
us7000t27g,PNSN-07,0
us7000t0tz,USGS-WEST,7
aka2026oltkex,USGS-WEST,12
us6000tge1,USGS-WEST,1
us6000ti2l,SCEDC-01,2
us7000t34n,SCEDC-01,3
us6000tgfg, PNSN-07	,5
akoz7iceur,PNSN-07,14
us6000tisz, PNSN-07	,0
pr2026185002,SCEDC-01,13
nc75391596,CEA-12,4
us6000tgpr,CEA-12,14
us7000t35u,USGS-WEST,5
us6000tiu7,USGS-WEST,8
us7000t19w,SCEDC-01,10
us7000sz79,SCEDC-01,7
aktdqcwhqc,USGS-WEST,15
us6000t9lz,PNSN-07,11
us7000t2fk, PNSN-07	,3
us7000t0m9, PNSN-07	,6
uu80143896, PNSN-07	,13
uwnmtqgjd7op, PNSN-07	,7
us7000t2s5,CEA-12,0
us7000t18g, PNSN-07	,0
us7000t32k,USGS-WEST,9
us6000ti4a,USGS-WEST,6
us6000tai4,CEA-12,1
us7000szxx,USGS-WEST,3
us6000tgmy,SCEDC-01,15
us7000t1ya, PNSN-07	,15
pr71524578,SCEDC-01,null
uw4oc26rvabt,CEA-12,8
us7000t31y,USGS-WEST,0
us6000tgc6, PNSN-07	,15
us7000t0lf,SCEDC-01,1
us7000t39g,USGS-WEST,null
aka2026ooselt,SCEDC-01,3
aka2026ndgcqb,CEA-12,14
us7000t1ek,PNSN-07,5
us6000thak,USGS-WEST,9
aka2026oxhjrk,SCEDC-01,9
us7000t1qv,USGS-WEST,11
nn00921891,PNSN-07,5
aka2026otvgnt,PNSN-07,3
us7000t3fc, PNSN-07	,N/A
us7000szus,PNSN-07,8
us6000th6s,PNSN-07,13
ci40656658,CEA-12,1
us6000tg4u,PNSN-07,3
us7000t0xy,PNSN-07,5
us6000taw8,CEA-12,0
us7000t26m, PNSN-07	,12
us6000tg4j,CEA-12,7
us7000szut,CEA-12,13
us7000t16s,PNSN-07,0
us7000t2dw,USGS-WEST,2
akxh0ehsa9t,PNSN-07,10
pr71525323,PNSN-07,8
us7000t1cr,PNSN-07,10
us7000szbn,USGS-WEST,5
us7000t1kn,CEA-12,5
us6000tg43,CEA-12,2
us6000tgzi,PNSN-07,12
nng8p1c67vx,SCEDC-01,15
us7000t188, PNSN-07	,0
us6000tg3x, PNSN-07	,0
aka2026nsmzkk, PNSN-07	,11
us7000t20b, PNSN-07	,15
us7000t1u0, PNSN-07	,15
aka2026ocjqde,CEA-12,3
nnoprxhurrp,CEA-12,13
us7000szh3,USGS-WEST,11
us6000t9qu,PNSN-07,13
us7000t387,SCEDC-01,5
us7000t3a4,SCEDC-01,5
us6000tgpz,PNSN-07,
us7000t0ng,USGS-WEST,2
us7000t36g,PNSN-07,0
us6000thbq,SCEDC-01,9
aka2026nrcfxi,SCEDC-01,11
us7000t13u, PNSN-07	,10
us6000tgiz,USGS-WEST,2
us7000sziy,USGS-WEST,9
us7000t350, PNSN-07	,7
tx2026opmhex,CEA-12,0
us7000t1mu,CEA-12,1
us6000tg2v,CEA-12,11
us7000sz6y,PNSN-07,10
pr71523053,CEA-12,14
us7000sz6l,PNSN-07,7
pr2026188001,SCEDC-01,
ciwfcxe8up19,PNSN-07,10
us7000t124,USGS-WEST,0
